x,y,z,ch1,ch2,ch3,ch4,ch5,ch6,ch7
99.0,242.0,-1.0,-92.02400588989258,-59.15474510192871,-97.21245193481444,-95.09074783325195,-89.27990341186523,-97.5747299194336,-98.44823837280272
99.0,319.0,-1.0,-89.25782775878906,-52.75303840637207,-97.87735748291016,-96.66461181640624,-90.45297622680664,-97.78040313720705,-99.15655517578124
99.0,528.0,-1.0,-89.8125,-52.62430000305176,-100.25181198120116,-96.72980880737305,-89.14689636230469,-98.41671752929688,-98.78326416015624
99.0,572.0,-1.0,-91.10929107666016,-55.52897644042969,-99.65731430053712,-97.63024139404295,-89.4876708984375,-98.36019134521484,-99.50192260742188
99.0,176.0,-1.0,-89.68121337890625,-61.505950927734375,-97.1649398803711,-93.42996978759766,-87.58100509643555,-98.03978729248048,-98.44253158569336
99.0,209.0,-1.0,-89.69866180419922,-54.05507278442383,-97.00627517700195,-94.66310501098631,-88.08065795898438,-97.42893981933594,-98.11371994018556
88.0,462.0,-1.0,-88.02618026733398,-51.228885650634766,-100.27132415771484,-96.27186965942384,-90.43295669555664,-97.99762725830078,-97.85107040405272
88.0,495.0,-1.0,-90.05669021606445,-53.13069725036621,-100.14655303955078,-95.69038772583008,-88.38919448852539,-96.37212371826172,-98.0006332397461
77.0,385.0,-1.0,-89.28798294067383,-55.39558792114258,-99.7691879272461,-96.21051406860352,-90.5244255065918,-97.7131462097168,-97.76500701904295
77.0,418.0,-1.0,-89.64902877807617,-55.1228084564209,-100.19964981079102,-97.16693115234376,-88.91126251220703,-98.5849266052246,-98.1611785888672
66.0,242.0,-1.0,-86.3797492980957,-51.242265701293945,-95.75202178955078,-93.4435577392578,-88.67133712768555,-97.58585739135742,-98.19006729125977
66.0,308.0,-1.0,-88.10517883300781,-55.08579635620117,-100.01538467407228,-96.90168380737305,-85.39454650878906,-99.31116104125977,-97.92258071899414
66.0,352.0,-1.0,-89.93634796142578,-53.97709274291992,-99.9139633178711,-96.81402587890624,-89.4480972290039,-98.62031173706056,-98.56903839111328
55.0,88.0,-1.0,-87.8252182006836,-53.84849548339844,-98.14226531982422,-97.12783813476562,-90.68005752563477,-98.30918502807616,-98.89159393310548
55.0,176.0,-1.0,-90.05125427246094,-63.40729141235352,-96.86061096191406,-93.57472229003906,-89.29741668701172,-97.66700744628906,-98.10987854003906
55.0,209.0,-1.0,-89.57940673828125,-56.50153923034668,-96.23112487792967,-93.52125930786131,-90.22665405273438,-97.57435607910156,-98.31428146362305
110.0,605.0,-1.0,-90.13953018188477,-50.302467346191406,-99.91717910766602,-98.4542999267578,-88.55954360961914,-98.84318542480467,-99.6263427734375
110.0,638.0,-1.0,-89.75139617919922,-52.84264755249024,-100.30345916748048,-98.46931457519533,-88.08493041992188,-99.02254486083984,-99.64987564086914
110.0,671.0,-1.0,-87.32983779907227,-53.5587158203125,-100.06019592285156,-97.89722442626952,-87.99538040161133,-97.87218475341795,-99.55804824829102
231.0,759.0,-1.0,-86.60016632080078,-53.69282913208008,-96.74309158325195,-99.77354049682616,-87.87157821655273,-100.09418487548828,-100.42057037353516
231.0,792.0,-1.0,-89.45965576171875,-48.14149284362793,-99.16444778442384,-96.93124008178712,-85.50337982177734,-98.1492042541504,-99.43803787231444
242.0,88.0,-1.0,-79.96630096435547,-62.24768257141113,-99.43349838256836,-97.61904525756836,-92.10806655883788,-99.32781600952148,-99.7593879699707
242.0,66.0,-1.0,-83.51299667358398,-64.03253555297852,-98.92474746704102,-98.12885284423828,-87.36239624023438,-99.21180725097656,-99.57770538330078
275.0,759.0,-1.0,-88.33731079101562,-54.25578689575195,-100.232666015625,-99.86186599731444,-86.75865936279297,-100.39973068237305,-100.60474014282228
275.0,792.0,-1.0,-87.5194091796875,-53.68743896484375,-99.79251098632812,-97.66751098632812,-86.65633010864258,-98.30139923095705,-98.3328094482422
297.0,88.0,-1.0,-87.98507690429688,-62.60073661804199,-98.91617584228516,-97.98582077026369,-84.62382507324219,-99.22976303100586,-99.0623664855957
297.0,66.0,-1.0,-85.61253356933594,-62.75551414489746,-98.93302154541016,-98.01477432250977,-81.32551956176758,-99.87443923950195,-99.61931991577148
308.0,759.0,-1.0,-87.5991439819336,-50.58874320983887,-100.21743392944336,-98.29253768920898,-85.26588821411133,-98.3223648071289,-99.13526153564452
319.0,330.0,-1.0,-87.10065078735352,-51.48943138122559,-97.08795928955078,-95.73070907592772,-87.15700912475586,-95.06996154785156,-96.69146347045898
121.0,396.0,-1.0,-88.71359252929688,-50.60910606384277,-96.63928985595705,-96.39393615722656,-89.88621139526367,-97.18940353393556,-98.16935729980467
121.0,737.0,-1.0,-86.16877746582031,-46.15732192993164,-99.8264617919922,-98.6286849975586,-88.59309005737305,-97.22893905639648,-99.7089958190918
330.0,363.0,-1.0,-87.65819549560547,-60.01761245727539,-94.13299942016602,-92.63974380493164,-84.78022384643555,-84.97756576538086,-94.45814514160156
330.0,792.0,-1.0,-86.22465896606445,-55.94082260131836,-99.74445724487305,-98.02816009521484,-84.17726516723633,-97.06097793579102,-98.96336364746094
341.0,88.0,-1.0,-90.25654220581056,-65.42598724365234,-98.72009658813477,-97.73856735229492,-89.89208221435547,-99.06820678710938,-99.69651794433594
341.0,66.0,-1.0,-89.26671600341797,-59.24081611633301,-100.04171752929688,-98.10779571533205,-84.63663864135742,-99.81380844116212,-99.38116455078124
352.0,297.0,-1.0,-86.0072021484375,-50.12623023986816,-100.05207061767578,-97.88372039794922,-84.63311004638672,-96.97831344604492,-98.1427764892578
363.0,88.0,-1.0,-87.3940658569336,-63.98164367675781,-98.94220733642578,-97.9084815979004,-90.24990844726562,-99.55004501342772,-99.55438995361328
363.0,506.0,-1.0,-86.25799942016602,-53.8438835144043,-99.82819366455078,-99.5811882019043,-85.9671859741211,-93.84416961669922,-100.79509353637695
363.0,550.0,-1.0,-87.0450439453125,-54.21896362304688,-99.35670471191406,-96.63534164428712,-84.80492782592773,-83.86422348022461,-98.60137176513672
363.0,792.0,-1.0,-87.24361038208008,-54.98526573181152,-99.59976959228516,-97.05656051635742,-84.24188232421875,-98.87280654907228,-99.3576545715332
374.0,66.0,-1.0,-82.5313606262207,-65.8406867980957,-99.7830047607422,-98.53540802001952,-87.49572372436523,-99.62850952148438,-99.75960540771484
374.0,572.0,-1.0,-88.54793167114258,-55.31220626831055,-99.70599365234376,-98.70621871948242,-85.14680099487305,-95.56106185913086,-99.8757553100586
374.0,616.0,-1.0,-86.0916633605957,-57.83811378479004,-100.0121955871582,-98.5989990234375,-84.79492950439453,-82.58543014526367,-99.22269821166992
374.0,660.0,-1.0,-86.04059600830078,-58.95631217956543,-99.74406433105467,-98.8260498046875,-85.26927947998047,-87.08646011352539,-99.0764503479004
374.0,715.0,-1.0,-87.82654571533203,-55.922189712524414,-100.5261573791504,-97.92264556884766,-84.89690780639648,-97.18630981445312,-98.98049545288086
374.0,759.0,-1.0,-84.97480392456055,-55.92957305908203,-100.10880661010742,-98.21714782714844,-82.63471221923828,-98.66446685791016,-99.64107513427734
385.0,308.0,-1.0,-85.79443740844727,-46.520708084106445,-97.90688705444336,-96.1159553527832,-85.77878189086914,-95.5869369506836,-98.28367233276369
385.0,330.0,-1.0,-84.31723022460938,-50.78735542297363,-97.66837310791016,-95.9514389038086,-84.042724609375,-94.2002182006836,-97.77434539794922
385.0,363.0,-1.0,-87.0072250366211,-53.12040138244629,-98.6166000366211,-96.88084411621094,-83.62960815429688,-96.6255874633789,-98.43856048583984
385.0,396.0,-1.0,-86.38567352294922,-52.49382019042969,-99.46886444091795,-96.78644943237305,-84.57312774658203,-95.96816635131836,-98.49502563476562
385.0,429.0,-1.0,-85.9330062866211,-49.5451717376709,-98.74477767944336,-98.41814422607422,-86.24615097045898,-96.12061309814452,-99.36543655395508
385.0,462.0,-1.0,-85.39517211914062,-62.581621170043945,-100.00259017944336,-98.91748428344728,-85.13682556152344,-98.66966247558594,-99.60536193847656
385.0,506.0,-1.0,-87.36455917358398,-51.80904197692871,-99.53768539428712,-98.6872673034668,-85.08088684082031,-96.66060638427734,-99.58822250366212
396.0,539.0,-1.0,-88.97776412963867,-53.56675910949707,-98.31295776367188,-97.86326599121094,-87.29779052734375,-89.53910064697266,-99.56779098510742
396.0,605.0,-1.0,-88.15931701660156,-56.976322174072266,-99.81388092041016,-98.60168075561523,-86.56240844726562,-88.58857345581055,-99.13285064697266
396.0,638.0,-1.0,-87.64574813842773,-59.79230308532715,-99.76280975341795,-98.07261276245116,-84.38457489013672,-92.05341339111328,-99.33798599243164
407.0,682.0,-1.0,-86.09944534301758,-58.85148239135742,-98.85899353027344,-97.47000885009766,-86.84967422485352,-88.33510208129883,-98.50893783569336
407.0,715.0,-1.0,-85.05899810791016,-58.77665901184082,-99.88457107543944,-97.434814453125,-85.0698013305664,-84.30636215209961,-99.48584747314452
418.0,748.0,-1.0,-85.20106506347656,-58.13150596618652,-99.40350341796876,-97.28009796142578,-82.90396881103516,-90.22127914428712,-98.75628662109376
418.0,792.0,-1.0,-87.06923294067383,-54.87284278869629,-99.92391586303712,-97.7758445739746,-84.9921760559082,-95.1719741821289,-99.14859008789062
429.0,77.0,-1.0,-87.77267074584961,-59.45151901245117,-99.2640495300293,-97.3461456298828,-86.35960006713867,-99.3351593017578,-98.94297409057616
429.0,308.0,-1.0,-85.87939453125,-50.484981536865234,-98.63564682006836,-95.37084579467772,-84.77204895019531,-95.29630661010742,-98.21770858764648
429.0,330.0,-1.0,-86.27679824829102,-49.62925338745117,-95.89781951904295,-95.3332290649414,-84.90409851074219,-93.80668258666992,-98.43329620361328
132.0,88.0,-1.0,-85.88505554199219,-57.13292694091797,-98.13519287109376,-97.66399765014648,-87.98234939575195,-98.7362937927246,-99.2904167175293
132.0,66.0,-1.0,-85.31647491455078,-60.8734130859375,-98.40098190307616,-97.71498489379884,-89.16621017456055,-98.1310577392578,-98.42144012451172
132.0,440.0,-1.0,-88.945068359375,-56.74582481384277,-97.95859909057616,-96.56105041503906,-89.7601318359375,-97.70265197753906,-98.8674659729004
132.0,506.0,-1.0,-85.96957397460938,-52.67591667175293,-99.80405807495116,-95.84481048583984,-88.23313903808594,-97.36772918701172,-97.33748626708984
132.0,759.0,-1.0,-87.74076080322266,-54.748361587524414,-99.29801940917967,-97.85086059570312,-85.49325180053711,-98.49132919311523,-98.83535385131836
462.0,308.0,-1.0,-87.22607803344727,-56.2578239440918,-99.20688247680664,-96.43700408935548,-84.57467651367188,-92.94436645507812,-98.95858383178712
462.0,330.0,-1.0,-86.27986145019531,-57.86562919616699,-95.38020706176758,-96.2782096862793,-84.02410507202148,-97.57899475097656,-98.30044174194336
462.0,374.0,-1.0,-83.49937438964844,-57.673471450805664,-99.64209365844728,-97.06147003173828,-83.94441223144531,-98.54706573486328,-99.40913772583008
495.0,99.0,-1.0,-92.36069107055664,-62.6906795501709,-100.47550964355467,-98.87627029418944,-86.42012023925781,-100.94524002075195,-100.98691177368164
495.0,77.0,-1.0,-89.50093841552734,-64.20515441894531,-100.4927215576172,-99.20736694335938,-84.69647216796875,-100.77558135986328,-101.04627227783205
506.0,308.0,-1.0,-86.43470001220703,-53.39936065673828,-98.9140968322754,-96.58984756469728,-85.07626724243164,-96.8391571044922,-97.9777488708496
506.0,330.0,-1.0,-86.78314208984375,-47.64498519897461,-95.44781875610352,-95.61329650878906,-85.22780227661133,-96.68267822265624,-98.36566543579102
528.0,99.0,-1.0,-87.41558074951172,-66.45771408081055,-98.5977897644043,-97.82542037963869,-87.6396713256836,-100.55865859985352,-100.81752395629884
528.0,77.0,-1.0,-87.57903289794922,-63.23725509643555,-100.29772186279295,-99.05036163330078,-87.87392044067383,-100.5107879638672,-100.92939376831056
539.0,308.0,-1.0,-86.46191787719727,-58.90122985839844,-99.12229537963869,-96.43071746826172,-82.81463623046875,-96.47894287109376,-97.11725234985352
539.0,330.0,-1.0,-86.87062454223633,-55.52951622009277,-97.22729110717772,-94.96732711791992,-84.4069938659668,-97.28567123413086,-98.41703033447266
143.0,572.0,-1.0,-88.20842742919922,-53.410757064819336,-99.68555068969728,-99.66652297973631,-87.11470794677734,-99.63671875,-100.06832885742188
143.0,605.0,-1.0,-89.4175796508789,-53.40769767761231,-100.11288452148438,-99.99063491821288,-88.83355331420898,-99.61630249023438,-100.4743537902832
572.0,99.0,-1.0,-91.83740615844728,-64.76116943359375,-97.6393051147461,-96.73333358764648,-87.73827362060547,-99.08116912841795,-99.60834121704102
572.0,77.0,-1.0,-82.76742935180664,-64.82382583618164,-99.72983932495116,-98.57693481445312,-88.21735382080078,-100.5835075378418,-100.58038330078124
572.0,308.0,-1.0,-87.85174179077148,-55.3084716796875,-98.0168800354004,-96.19199752807616,-83.58272552490234,-96.587890625,-98.90856170654295
572.0,330.0,-1.0,-85.09315490722656,-58.12762451171875,-97.24032592773438,-95.31280517578124,-84.17140197753906,-95.25168991088869,-98.04361724853516
605.0,99.0,-1.0,-86.61594009399414,-62.24948501586914,-98.9162139892578,-98.5883445739746,-89.60072708129883,-100.53699493408205,-100.8696060180664
605.0,77.0,-1.0,-83.87656784057617,-58.476661682128906,-99.79730606079102,-98.3081169128418,-86.07083511352539,-100.9328269958496,-100.45667266845705
605.0,308.0,-1.0,-87.97152328491211,-54.80388259887695,-97.95540237426758,-96.23906326293944,-85.91662979125977,-96.9997215270996,-97.65893173217772
605.0,330.0,-1.0,-85.69014358520508,-53.46845436096192,-97.56896591186523,-95.68169403076172,-86.26150512695312,-97.2152976989746,-98.26962280273438
638.0,77.0,-1.0,-86.7723274230957,-63.54060745239258,-97.05100631713869,-97.28681564331056,-87.87641525268555,-101.1432762145996,-100.78617095947266
638.0,374.0,-1.0,-86.81110000610352,-56.203399658203125,-94.051513671875,-90.76594543457033,-85.98289489746094,-93.65686416625977,-98.19463729858398
638.0,407.0,-1.0,-85.65299987792969,-57.00010871887207,-93.25931930541992,-89.71806716918945,-85.55058670043945,-95.8931884765625,-97.79021453857422
649.0,99.0,-1.0,-89.29865264892578,-59.28371238708496,-99.81901550292967,-98.64125061035156,-85.47639846801758,-100.37726593017578,-100.44038772583008
154.0,638.0,-1.0,-89.80511474609375,-49.82808876037598,-100.67730712890624,-99.95194244384766,-86.64072799682617,-97.66216278076172,-100.3546371459961
154.0,671.0,-1.0,-85.2584114074707,-50.23767280578613,-100.4736671447754,-99.83304977416992,-84.14071655273438,-99.49430084228516,-100.4817352294922
660.0,308.0,-1.0,-87.51920700073242,-54.59335899353027,-97.36211395263672,-95.70826721191406,-85.46968078613281,-96.48655319213869,-97.96795654296876
660.0,330.0,-1.0,-85.83323669433594,-62.9577751159668,-97.10464859008788,-94.69869995117188,-84.56237411499023,-96.51981735229492,-97.82056045532228
671.0,407.0,-1.0,-87.95802688598633,-56.81204605102539,-92.76089477539062,-90.31315231323242,-87.17909240722656,-96.93879318237305,-98.726806640625
682.0,99.0,-1.0,-88.33889770507812,-60.59295272827149,-99.94379043579102,-99.04067993164062,-87.63668060302734,-100.58157348632812,-100.30841827392578
682.0,77.0,-1.0,-87.62102508544922,-64.83327102661133,-96.67463302612305,-96.4306297302246,-92.5800437927246,-101.15817260742188,-100.73739624023438
693.0,374.0,-1.0,-85.2684326171875,-58.3758716583252,-93.39789581298828,-89.92435836791992,-86.99404525756836,-96.41304779052734,-98.5001220703125
715.0,99.0,-1.0,-87.08674240112305,-63.39867401123047,-97.24358367919922,-95.910888671875,-87.55377960205078,-100.86465072631836,-100.59333419799805
715.0,77.0,-1.0,-84.75129318237305,-58.0308952331543,-95.6789436340332,-95.08462905883788,-90.14469146728516,-101.07383346557616,-100.3981475830078
748.0,99.0,-1.0,-89.20901870727539,-61.06826400756836,-95.22975158691406,-94.6383934020996,-90.3521842956543,-100.05729675292967,-99.51642990112305
748.0,77.0,-1.0,-84.7597427368164,-57.20570182800293,-95.49876403808594,-95.6501350402832,-90.23019409179688,-101.17684936523438,-100.38335800170898
748.0,363.0,-1.0,-86.5501480102539,-56.7009220123291,-92.89344024658205,-90.79411697387695,-85.76271438598633,-98.22165298461914,-98.90032958984376
165.0,88.0,-1.0,-83.48756408691406,-62.134315490722656,-99.03329849243164,-97.32809448242188,-87.20643997192383,-99.8977165222168,-99.2077751159668
165.0,66.0,-1.0,-86.09454345703125,-62.88795280456543,-98.72124481201172,-97.42520523071288,-86.8871078491211,-98.75310516357422,-99.0150375366211
165.0,715.0,-1.0,-88.28082275390625,-50.83054161071777,-100.1999168395996,-99.9949073791504,-89.0211410522461,-99.14321517944336,-100.41843795776369
165.0,748.0,-1.0,-87.0988540649414,-45.501983642578125,-95.2865982055664,-100.04407119750977,-86.28252792358398,-100.16998291015624,-100.82801818847656
781.0,275.0,-1.0,-87.10686492919922,-53.91773986816406,-90.50653839111328,-89.83849334716797,-86.38158416748047,-97.359130859375,-98.0275535583496
792.0,99.0,-1.0,-85.04352951049805,-57.51551818847656,-95.74589157104492,-95.2022476196289,-89.94895935058594,-101.24730682373048,-100.2855453491211
792.0,330.0,-1.0,-86.97621536254883,-57.17370796203613,-93.04407119750977,-90.42343521118164,-86.44836044311523,-97.53894805908205,-98.84012603759766
803.0,99.0,-1.0,-84.15428161621094,-57.14519309997559,-94.1437530517578,-90.84539794921876,-88.44190216064453,-99.11495208740234,-99.190185546875
814.0,220.0,-1.0,-85.42186737060547,-60.165260314941406,-94.83513641357422,-93.46989440917967,-82.90488815307617,-99.07756042480467,-99.08060836791992
814.0,253.0,-1.0,-85.14158248901367,-60.21855354309082,-93.60811233520508,-90.81663131713869,-85.90178298950195,-98.15519332885742,-98.774658203125
847.0,143.0,-1.0,-85.51384735107422,-55.51412391662598,-95.61864852905272,-91.66630935668944,-85.04177474975586,-99.28730010986328,-99.56708145141602
836.0,198.0,-1.0,-85.32353210449219,-63.53813934326172,-94.53371810913086,-92.85362243652344,-88.36776733398438,-99.0467529296875,-99.72785186767578
847.0,121.0,-1.0,-82.98905563354492,-60.71202087402344,-95.3505630493164,-93.69406509399414,-87.07170486450195,-100.91068649291992,-100.5704460144043
847.0,176.0,-1.0,-86.60369110107422,-61.94728469848633,-94.8249626159668,-94.57707977294922,-86.30432510375977,-100.85440063476562,-100.50028610229492
858.0,198.0,-1.0,-85.42568969726562,-60.62033653259277,-94.15443420410156,-94.27836990356444,-86.72697067260742,-100.90199661254884,-100.82836532592772
209.0,88.0,-1.0,-81.69794082641602,-65.91066360473633,-99.21619415283205,-98.07997131347656,-86.36086654663086,-99.77419662475586,-99.19304275512695
209.0,66.0,-1.0,-83.72979354858398,-62.47643661499024,-98.70087432861328,-97.70507049560548,-84.56243133544922,-99.42191696166992,-99.60002899169922
209.0,759.0,-1.0,-86.7843132019043,-50.36555480957031,-97.04596710205078,-99.29513549804688,-85.5514030456543,-99.40265274047852,-100.11516571044922
220.0,231.0,0.0,-94.39083862304688,-68.48862075805664,-99.92160034179688,-71.60249328613281,-95.67219543457033,-100.21706008911131,-99.64070510864258
220.0,638.0,0.0,-92.79044723510742,-65.06687927246094,-97.98561477661131,-66.87014389038086,-93.4595718383789,-93.62478637695312,-99.55945587158205
220.0,704.0,0.0,-91.07052612304688,-55.53244400024414,-98.04466247558594,-62.9614372253418,-89.22721481323242,-97.7098503112793,-97.89805603027344
231.0,286.0,0.0,-95.51287460327148,-68.47239685058594,-99.87404251098631,-70.60554885864258,-95.92692565917967,-98.51184844970705,-99.08856964111328
231.0,671.0,0.0,-91.8044090270996,-59.83337211608887,-99.08616256713869,-66.68160247802734,-90.82917785644533,-96.27842330932616,-99.53907012939452
231.0,726.0,0.0,-89.74464797973633,-57.67448806762695,-96.9166259765625,-60.25608444213867,-88.51489639282227,-98.87094497680664,-98.06313705444336
231.0,209.0,0.0,-92.51874542236328,-69.1480484008789,-99.72933197021484,-68.71236038208008,-96.06535339355467,-100.65834426879884,-99.7562255859375
231.0,363.0,0.0,-94.60872650146484,-67.2799301147461,-97.17448425292967,-71.07924270629883,-94.90206909179688,-87.17443084716797,-88.3005142211914
242.0,154.0,0.0,-90.76937103271484,-70.17231369018555,-99.90090942382812,-70.19923400878906,-93.75109100341795,-99.19763565063477,-97.03329467773438
242.0,440.0,0.0,-95.11703109741212,-66.60137557983398,-98.19122314453124,-62.58275985717773,-93.75895309448242,-92.98377227783205,-97.4214210510254
253.0,506.0,0.0,-96.01910781860352,-68.23295211791992,-98.87950134277344,-66.74344253540039,-95.46224212646484,-95.98486709594728,-99.61749267578124
253.0,583.0,0.0,-95.91402435302734,-67.49293899536133,-98.0615463256836,-66.83512496948242,-95.3573226928711,-94.05257034301758,-98.08132553100586
242.0,704.0,0.0,-92.64423751831056,-62.17160034179688,-98.76889038085938,-64.84133911132812,-91.89363098144533,-96.17628860473631,-98.24120330810548
264.0,649.0,0.0,-95.49591445922852,-67.39307022094727,-98.57921981811523,-68.55494689941406,-95.29719924926758,-90.4959602355957,-98.39148330688477
275.0,297.0,0.0,-95.66254425048828,-66.7957878112793,-100.00820922851562,-70.94467544555664,-95.60934829711914,-99.73432540893556,-98.8483428955078
275.0,341.0,0.0,-95.62885284423828,-65.23588180541992,-98.18351745605467,-70.02400970458984,-93.96742248535156,-94.93035507202148,-97.80224990844728
275.0,374.0,0.0,-84.18777847290039,-68.4481430053711,-89.0322151184082,-66.33196640014648,-84.84671020507812,-77.60421752929688,-83.43711471557617
275.0,715.0,0.0,-95.51051330566406,-59.33250617980957,-98.86684036254884,-67.77646255493164,-94.51321029663086,-95.27699279785156,-98.27588272094728
286.0,407.0,0.0,-90.95248031616212,-63.25024032592773,-94.71196746826172,-60.95101547241211,-90.27662658691406,-86.12951278686523,-92.42041397094728
286.0,154.0,0.0,-93.46563720703124,-70.82889556884766,-99.41495513916016,-69.35209274291992,-95.9038429260254,-99.8229637145996,-98.16942596435548
286.0,209.0,0.0,-94.10314559936523,-70.69252395629883,-99.0294952392578,-68.38365173339844,-94.91790771484376,-99.87967681884766,-98.76430892944336
297.0,451.0,0.0,-91.11833953857422,-64.49859237670898,-96.32926940917967,-58.9877986907959,-90.84062957763672,-92.48052978515624,-96.64756774902344
297.0,484.0,0.0,-92.55505752563477,-63.10292053222656,-97.08332824707033,-59.21046257019043,-92.24385833740234,-93.97838592529295,-98.66765213012695
297.0,517.0,0.0,-91.75061416625977,-64.57793426513672,-99.44640350341795,-58.55708694458008,-91.80038070678712,-96.12500381469728,-99.05099868774414
308.0,253.0,0.0,-93.64287185668944,-68.94498062133789,-100.41897201538086,-70.6112174987793,-95.43618392944336,-99.70537185668944,-99.29422760009766
308.0,550.0,0.0,-91.2926902770996,-63.564002990722656,-98.0159034729004,-58.919729232788086,-91.31939315795898,-92.20401763916016,-98.71217346191406
308.0,594.0,0.0,-89.95260620117188,-63.27299880981445,-98.42564010620116,-55.476783752441406,-91.3063507080078,-90.75435256958008,-98.52602767944336
308.0,627.0,0.0,-91.82541275024414,-66.5953598022461,-96.7851905822754,-63.23834228515625,-92.75256729125977,-83.71305465698242,-95.06162643432616
319.0,154.0,0.0,-90.27713012695312,-70.41104507446289,-99.84645080566406,-69.0702133178711,-92.44829177856444,-99.4300765991211,-97.53882217407228
319.0,671.0,0.0,-90.87338256835938,-63.944942474365234,-97.6392936706543,-59.19729995727539,-91.77553939819336,-86.5622673034668,-97.74670028686523
319.0,693.0,0.0,-96.6944580078125,-69.561767578125,-98.81817245483398,-66.27953720092773,-94.66569137573242,-88.61574935913086,-98.40798950195312
330.0,209.0,0.0,-91.09077072143556,-70.25784683227539,-99.62231063842772,-68.1153678894043,-94.7573471069336,-99.70761108398438,-97.55666732788086
352.0,253.0,0.0,-87.37861633300781,-63.432220458984375,-98.76725387573242,-55.62981605529785,-88.04604721069336,-99.86834335327148,-98.08805465698242
363.0,154.0,0.0,-84.82548904418945,-68.85919189453125,-99.15067291259766,-65.25815963745117,-89.74866104125977,-99.29510498046876,-97.96642303466795
385.0,253.0,0.0,-88.80790328979492,-65.36895370483398,-98.78274154663086,-61.00874328613281,-89.45315170288086,-99.17915725708008,-98.31105422973631
385.0,209.0,0.0,-90.89372253417967,-66.06316375732422,-98.84999084472656,-61.90767860412598,-92.24934387207033,-99.5024528503418,-99.1216163635254
396.0,154.0,0.0,-91.1979637145996,-70.23732376098633,-98.98614120483398,-65.94799041748047,-92.99742889404295,-99.41143798828124,-98.31784057617188
429.0,253.0,0.0,-89.97119140625,-66.2600212097168,-98.7233428955078,-63.01226806640625,-90.80355453491212,-97.82658386230467,-98.25318908691406
429.0,154.0,0.0,-90.05617904663086,-70.54019546508789,-98.46574020385742,-68.04574584960938,-93.66622924804688,-99.66636657714844,-98.9302864074707
451.0,209.0,0.0,-90.3353500366211,-67.77254104614258,-98.94878387451172,-63.65528869628906,-92.62396240234376,-99.12461471557616,-98.73625183105467
462.0,154.0,0.0,-89.03054428100586,-72.75440216064453,-96.0292854309082,-70.49507141113281,-90.16718292236328,-98.8149642944336,-97.73909378051758
473.0,253.0,0.0,-90.97568130493164,-64.54516220092773,-99.21951293945312,-63.5550537109375,-92.61669921875,-98.32395935058594,-97.41621780395508
506.0,253.0,0.0,-91.85128784179688,-66.73812484741211,-97.27597045898438,-59.49692535400391,-91.13034439086914,-98.30234146118164,-97.84282302856444
506.0,132.0,0.0,-87.66695022583008,-71.39778518676758,-94.40462875366212,-67.5226936340332,-90.5761260986328,-97.8617935180664,-96.89888763427734
517.0,209.0,0.0,-92.90110397338869,-69.89491653442383,-94.50642776489258,-66.71403884887695,-92.95891189575195,-96.32394790649414,-95.48009490966795
539.0,253.0,0.0,-92.0962905883789,-63.18587112426758,-97.00157165527344,-62.6689453125,-91.7992706298828,-98.43636322021484,-98.23443984985352
539.0,154.0,0.0,-87.79496002197266,-72.47500610351562,-90.7105712890625,-69.03527450561523,-90.34011840820312,-93.3288803100586,-93.29619979858398
572.0,253.0,0.0,-91.58037185668944,-69.00955963134766,-95.80862045288086,-59.05390739440918,-92.39928436279295,-98.1064109802246,-97.4162940979004
572.0,154.0,0.0,-77.11457824707031,-71.58460998535156,-79.8294677734375,-67.28962707519531,-79.90337371826172,-80.97934341430664,-80.56707382202148
594.0,209.0,0.0,-90.42007446289062,-72.94298553466797,-90.1497039794922,-63.62871170043945,-90.66094207763672,-92.4656753540039,-92.0879364013672
605.0,253.0,0.0,-92.91059112548828,-67.27705383300781,-97.50233840942384,-59.04019737243652,-92.15848541259766,-98.5299186706543,-98.65608978271484
605.0,154.0,0.0,-87.9815559387207,-70.8745231628418,-88.80517578125,-67.50949096679688,-89.78932189941406,-91.50776290893556,-91.38164520263672
649.0,253.0,0.0,-93.80458068847656,-69.31436920166016,-97.78902435302734,-57.0575065612793,-93.12347412109376,-99.1143798828125,-98.78105926513672
649.0,154.0,0.0,-90.26335906982422,-65.42252349853516,-92.32071304321288,-67.00392532348633,-86.09934997558594,-95.1203956604004,-94.60384750366212
154.0,143.0,0.0,-88.11478042602539,-67.00131225585938,-98.61734390258788,-68.6805191040039,-90.5177993774414,-99.29289627075195,-98.06182861328124
154.0,165.0,0.0,-89.44196319580078,-67.10304641723633,-98.60034561157228,-69.34004974365234,-91.18382263183594,-99.07656478881836,-98.24004364013672
671.0,231.0,0.0,-93.95363235473631,-68.01998138427734,-98.41426467895508,-52.861724853515625,-94.09653854370116,-99.6518783569336,-98.85843658447266
671.0,154.0,0.0,-86.35053634643555,-69.99489974975586,-94.89311599731444,-64.97314071655273,-87.01603698730469,-97.26327514648438,-96.80233764648438
671.0,209.0,0.0,-94.14160919189452,-70.96291732788086,-97.1417121887207,-67.18982315063477,-94.03735733032228,-98.36098098754884,-97.52085876464844
693.0,231.0,0.0,-94.30540466308594,-68.25144958496094,-98.53589248657228,-53.53230857849121,-93.15386581420898,-99.45597839355467,-98.66009140014648
715.0,154.0,0.0,-87.79706192016602,-68.71674346923828,-97.02873611450195,-65.24148941040039,-86.92824935913086,-99.75045776367188,-97.22975540161131
726.0,231.0,0.0,-92.40637588500977,-71.6144905090332,-99.05453491210938,-59.69694137573242,-92.42541885375977,-100.09833526611328,-98.62469482421876
748.0,154.0,0.0,-87.95269393920898,-71.33256912231445,-97.71161270141602,-63.034297943115234,-87.76355361938477,-100.20209503173828,-96.67942428588869
759.0,220.0,0.0,-91.80277633666992,-71.21405029296875,-99.3837890625,-59.851375579833984,-92.83464431762695,-100.6582489013672,-99.40362930297852
165.0,242.0,0.0,-93.19163131713869,-67.99921798706055,-99.9717025756836,-70.06533432006836,-95.02621841430664,-98.4763298034668,-98.75086975097656
165.0,209.0,0.0,-88.5195083618164,-65.04106903076172,-99.12402725219728,-69.39786911010742,-90.6287841796875,-99.7721939086914,-98.72658920288086
792.0,154.0,0.0,-90.78320693969728,-73.99521255493164,-98.28822326660156,-65.9867172241211,-91.65543746948242,-100.30435562133788,-98.39727020263672
176.0,275.0,0.0,-91.73820877075195,-66.65342712402344,-99.70784378051758,-69.75159454345703,-93.31577682495116,-99.61517715454102,-99.04578018188477
176.0,308.0,0.0,-90.92779541015624,-63.446685791015625,-100.1535987854004,-69.89548873901367,-92.11782836914062,-100.27682495117188,-99.84344482421876
176.0,352.0,0.0,-92.36837768554688,-63.95939636230469,-96.93855285644533,-65.84437942504883,-92.86244583129884,-93.3705711364746,-97.84358596801758
187.0,385.0,0.0,-93.54093551635742,-60.709768295288086,-97.57086944580078,-64.3479232788086,-91.8032569885254,-91.75349807739258,-98.04845809936523
187.0,429.0,0.0,-94.0162353515625,-61.512332916259766,-99.68865585327148,-68.45889663696289,-94.88551712036131,-96.5613136291504,-97.5778923034668
198.0,451.0,0.0,-93.0922393798828,-64.51176452636719,-99.17266464233398,-67.39154815673828,-95.51869201660156,-97.2934455871582,-98.29061508178712
198.0,495.0,0.0,-95.7677879333496,-64.72114181518555,-99.32985305786131,-65.60543823242188,-94.85628509521484,-98.24300003051758,-98.14918899536131
209.0,539.0,0.0,-96.0775375366211,-65.62031936645508,-99.5466079711914,-68.09165954589844,-96.23236465454102,-97.04425430297852,-98.8215675354004
209.0,154.0,0.0,-88.89698791503906,-69.39033126831055,-99.91727828979492,-70.12677383422852,-92.7760124206543,-99.49941635131836,-97.58502197265624
209.0,572.0,0.0,-89.62780380249023,-63.066287994384766,-98.26993179321288,-67.9240837097168,-92.35476684570312,-98.66543960571288,-99.3949737548828
209.0,605.0,0.0,-93.22855377197266,-64.25950241088867,-96.9032745361328,-65.37752151489258,-92.17888641357422,-96.87298202514648,-99.0879135131836
220.0,231.0,1.0,-87.7354621887207,-67.85932540893555,-98.08462524414062,-69.34598922729492,-94.19984817504884,-98.09515762329102,-98.70193481445312
220.0,638.0,1.0,-90.9903335571289,-60.39749526977539,-96.97566986083984,-62.50136947631836,-90.84509658813477,-86.00638961791992,-99.37609100341795
220.0,704.0,1.0,-89.34443283081055,-53.198503494262695,-99.38796997070312,-59.88953971862793,-88.33623123168945,-91.10538482666016,-99.678955078125
231.0,286.0,1.0,-92.85869598388672,-65.20608520507812,-98.4243278503418,-69.01515579223633,-93.58454132080078,-98.55560684204102,-99.33313751220705
231.0,671.0,1.0,-89.57805252075195,-57.982500076293945,-97.38616561889648,-62.91997909545898,-88.6079330444336,-87.0081901550293,-99.59978103637695
220.0,737.0,1.0,-88.03702163696289,-52.242671966552734,-97.80139923095705,-58.20018768310547,-86.87496566772461,-91.52359771728516,-100.23712158203124
231.0,209.0,1.0,-91.06841278076172,-67.81744003295898,-98.57085037231444,-69.81855773925781,-92.91966247558594,-99.30752182006836,-99.7206573486328
242.0,154.0,1.0,-80.82718276977539,-69.3350601196289,-96.7659912109375,-64.07904052734375,-86.50314331054688,-94.11413192749023,-95.3974838256836
242.0,440.0,1.0,-92.68724060058594,-61.75584411621094,-97.59072494506836,-66.0838737487793,-94.96649551391602,-91.86642456054688,-99.17959594726562
242.0,506.0,1.0,-92.99961853027344,-65.081787109375,-97.67388916015624,-66.95359420776367,-94.42945861816406,-88.63093566894531,-98.83283233642578
253.0,583.0,1.0,-92.92454528808594,-63.01034927368164,-96.77069854736328,-64.36974334716797,-94.24857711791992,-84.33773803710938,-99.21699142456056
242.0,704.0,1.0,-91.3294677734375,-59.23219680786133,-97.60654830932616,-62.00126647949219,-91.29220581054688,-88.23799514770508,-99.41135787963869
242.0,737.0,1.0,-87.38970565795898,-55.330039978027344,-98.19384384155272,-57.73246192932129,-86.3065414428711,-92.46883773803712,-99.7719383239746
231.0,363.0,1.0,-93.80150604248048,-63.81878662109375,-99.00733947753906,-65.27365493774414,-93.65420532226562,-97.47723007202148,-99.47282791137695
264.0,649.0,1.0,-88.10717010498047,-62.43356323242188,-88.91043853759766,-63.63227844238281,-93.32036590576172,-75.58375930786133,-94.43103790283205
275.0,341.0,1.0,-91.12836074829102,-63.93914031982422,-98.45915222167967,-62.52781295776367,-91.85274124145508,-97.6074104309082,-99.04803085327148
275.0,374.0,1.0,-92.2215690612793,-62.78237342834473,-98.0246353149414,-62.99436378479004,-92.09572982788086,-96.61248397827148,-99.16481399536131
275.0,715.0,1.0,-92.26018905639648,-57.002437591552734,-97.05580520629884,-64.8393783569336,-93.12531661987305,-87.95146179199219,-98.61115264892578
286.0,407.0,1.0,-91.30886459350586,-61.42133140563965,-98.07422256469728,-58.696868896484375,-91.84282302856444,-96.0280303955078,-99.00594711303712
286.0,154.0,1.0,-86.01590728759766,-72.11686706542969,-98.52790069580078,-69.6469841003418,-91.21686172485352,-98.87588119506836,-99.42714309692384
297.0,451.0,1.0,-91.9056510925293,-61.9848861694336,-97.91765975952148,-59.48794555664063,-92.525146484375,-95.42481994628906,-99.80488967895508
297.0,484.0,1.0,-93.00966262817384,-65.6039810180664,-99.06572723388672,-62.91366004943848,-93.2403793334961,-92.90269088745116,-99.05573654174805
297.0,517.0,1.0,-92.02084350585938,-64.87347412109375,-98.09148025512695,-55.089942932128906,-92.89949417114258,-87.73577117919922,-99.4820785522461
308.0,550.0,1.0,-90.31887435913086,-62.20467376708984,-95.28264999389648,-55.43353843688965,-91.7443962097168,-82.71795654296875,-99.10594177246094
308.0,594.0,1.0,-88.86528015136719,-64.0802230834961,-89.12427139282227,-57.75004577636719,-89.63244247436523,-70.34772109985352,-93.3379135131836
308.0,627.0,1.0,-80.32049179077148,-62.04438591003418,-83.69783020019531,-58.282623291015625,-86.1195297241211,-62.73058319091797,-90.2734375
319.0,154.0,1.0,-89.78389739990234,-69.39604187011719,-98.79458999633788,-71.25004196166992,-94.05703353881836,-99.77711486816406,-99.92752075195312
319.0,671.0,1.0,-85.22667694091797,-60.98702812194824,-91.1034927368164,-58.5162353515625,-89.88147735595703,-71.6299057006836,-96.29846572875977
319.0,693.0,1.0,-91.26893615722656,-68.80279541015625,-95.44389724731444,-65.10063934326172,-92.80287551879884,-75.71296310424805,-97.83087539672852
330.0,209.0,1.0,-87.84618377685547,-64.56415939331055,-99.06822967529295,-68.87527847290039,-94.48834228515624,-99.22826385498048,-99.5239486694336
352.0,253.0,1.0,-89.06826400756836,-62.62710952758789,-98.1085090637207,-58.81382751464844,-89.89693832397461,-97.68728256225586,-98.6572380065918
363.0,154.0,1.0,-89.09857940673828,-71.72777557373047,-99.2714729309082,-68.28067016601562,-87.92473983764648,-99.4669418334961,-99.85831451416016
385.0,253.0,1.0,-88.9980354309082,-62.39178657531738,-98.13180923461914,-57.57321357727051,-90.2214698791504,-96.72346115112305,-97.11155700683594
385.0,209.0,1.0,-85.65359497070312,-69.31832885742188,-99.1003875732422,-66.75249481201172,-90.86810302734376,-98.59215545654295,-99.30518341064452
396.0,154.0,1.0,-83.94633865356445,-70.96953582763672,-98.99298858642578,-66.34945297241211,-87.8826904296875,-98.80499267578124,-99.10097885131836
429.0,253.0,1.0,-89.03595352172852,-58.15244483947754,-97.74750137329102,-59.939531326293945,-90.35235595703124,-92.81016540527344,-96.03468704223631
429.0,154.0,1.0,-78.5258903503418,-72.72095489501953,-98.5456085205078,-69.5902328491211,-86.19261932373047,-98.90431213378906,-97.72917938232422
451.0,209.0,1.0,-88.53783798217773,-68.32228469848633,-98.53600311279295,-66.35844039916992,-91.15382385253906,-98.1528434753418,-98.73278427124023
462.0,154.0,1.0,-82.02373886108398,-71.45751571655273,-98.3597640991211,-70.27492141723633,-80.17536544799805,-98.76964569091795,-98.15687561035156
473.0,253.0,1.0,-89.63824462890625,-60.74064254760742,-98.36458206176758,-59.87515830993652,-90.45863342285156,-95.24119567871094,-96.9533348083496
506.0,253.0,1.0,-90.4164810180664,-66.07083129882812,-97.3345184326172,-58.97253227233887,-88.5233154296875,-94.92817306518556,-95.11362075805664
506.0,154.0,1.0,-87.18731689453125,-71.31903076171875,-98.35066604614258,-67.54578399658203,-87.2692756652832,-98.66891479492188,-98.69599151611328
517.0,209.0,1.0,-91.1530990600586,-67.5981330871582,-98.3390998840332,-62.55557632446289,-89.92069625854492,-97.0426025390625,-98.02083206176758
539.0,253.0,1.0,-90.4319305419922,-65.87464141845703,-94.39809799194336,-60.116661071777344,-85.20297622680664,-88.77471542358398,-90.88590240478516
539.0,154.0,1.0,-82.37649154663086,-71.16859436035156,-96.91110610961914,-66.61720275878906,-82.72711944580078,-92.267333984375,-98.06288528442384
572.0,253.0,1.0,-87.62014770507812,-62.42629814147949,-97.64566040039062,-59.65973281860352,-88.5804443359375,-95.5843734741211,-95.5594253540039
572.0,154.0,1.0,-83.40929412841797,-69.04088973999023,-95.96071243286131,-64.86138153076172,-85.29055786132812,-97.25199508666992,-96.93431091308594
594.0,209.0,1.0,-90.54285430908205,-67.84431076049805,-97.51924896240234,-62.50633811950684,-91.58081436157228,-96.8001480102539,-96.67867279052734
605.0,253.0,1.0,-89.38063430786133,-63.12587356567383,-98.02453231811523,-56.71508979797363,-88.47311401367188,-97.50531387329102,-97.45986938476562
605.0,154.0,1.0,-82.18497467041016,-67.82941055297852,-95.41168212890624,-64.96638870239258,-83.29535293579102,-95.27021026611328,-95.11101531982422
649.0,253.0,1.0,-90.4551773071289,-62.63204574584961,-96.98199081420898,-56.0156364440918,-89.75680541992188,-96.40433502197266,-96.85158920288086
649.0,154.0,1.0,-83.88070678710938,-65.32263946533203,-95.77780532836914,-64.29833221435547,-85.25983810424805,-92.2453956604004,-92.4205436706543
154.0,143.0,1.0,-77.83752059936523,-65.84554290771484,-89.68588256835938,-63.68494415283203,-85.2859878540039,-86.51082611083984,-85.98603439331055
154.0,165.0,1.0,-82.23807144165039,-65.38961029052734,-91.24411010742188,-66.89764404296875,-86.94441223144531,-90.7872428894043,-89.9397964477539
671.0,231.0,1.0,-92.14374542236328,-63.22924423217773,-97.83231353759766,-55.90108680725098,-91.53531265258788,-98.35324478149414,-97.51604843139648
671.0,154.0,1.0,-85.71470260620117,-66.84664916992188,-94.79334259033205,-64.10415267944336,-88.94509506225586,-93.43997955322266,-93.91180801391602
671.0,209.0,1.0,-88.20481491088867,-67.2420654296875,-96.33259582519533,-63.207855224609375,-89.87738418579102,-88.8880615234375,-91.05089569091795
693.0,231.0,1.0,-90.95244598388672,-64.1209945678711,-97.30525588989258,-53.41452217102051,-91.94677352905272,-96.53041076660156,-96.20530319213869
715.0,154.0,1.0,-85.24112701416016,-67.27350234985352,-96.5872573852539,-64.97613906860352,-83.24733352661133,-97.08720016479492,-97.36825942993164
726.0,231.0,1.0,-88.38597106933594,-61.2387924194336,-97.69680404663086,-61.79586219787598,-90.84639358520508,-97.18070220947266,-95.29001235961914
737.0,209.0,1.0,-87.9798698425293,-68.02314758300781,-98.9319953918457,-63.54461669921875,-87.03043365478516,-99.46986389160156,-99.44671630859376
748.0,154.0,1.0,-79.19816207885742,-66.74036407470703,-99.05817031860352,-63.45060729980469,-83.69138717651367,-99.5584602355957,-99.52713775634766
759.0,220.0,1.0,-87.7385482788086,-68.28728103637695,-99.33449172973631,-61.60026168823242,-87.6654052734375,-99.4535789489746,-99.90400314331056
165.0,242.0,1.0,-87.28896713256836,-60.850624084472656,-97.31587600708008,-64.75543594360352,-88.59640502929688,-97.03525161743164,-97.26502227783205
165.0,209.0,1.0,-86.71272277832031,-63.13421249389648,-96.20268630981444,-66.10053634643555,-90.05839157104492,-92.53104782104492,-93.92535018920898
792.0,154.0,1.0,-87.64437103271484,-72.10555648803711,-98.85932540893556,-66.73340606689453,-87.44512176513672,-100.00192642211914,-99.43749237060548
176.0,275.0,1.0,-87.21715927124023,-63.15179443359375,-98.39451217651369,-68.94708633422852,-92.13041305541992,-98.679443359375,-99.29117965698242
176.0,308.0,1.0,-89.91918563842773,-64.5877914428711,-98.73068618774414,-69.12290573120117,-92.35686111450195,-98.79679870605467,-99.66272735595705
176.0,352.0,1.0,-90.09954452514648,-62.74502372741699,-98.87807846069336,-62.7234992980957,-91.31932067871094,-96.09603500366212,-98.7762565612793
187.0,385.0,1.0,-92.86531448364258,-62.80813217163086,-97.98857879638672,-63.71456909179688,-91.4787712097168,-92.8615608215332,-99.14227676391602
187.0,429.0,1.0,-91.46641159057616,-60.44720649719238,-95.60635757446288,-61.60733604431152,-88.85293197631836,-82.11566162109375,-97.05370330810548
198.0,451.0,1.0,-90.28692626953124,-61.8178596496582,-93.6027374267578,-62.30832862854004,-89.74344635009766,-84.54923248291016,-96.93206405639648
198.0,495.0,1.0,-89.7093391418457,-61.46139717102051,-96.42143630981444,-64.59598541259766,-87.03606796264648,-82.60474395751953,-95.6341781616211
209.0,528.0,1.0,-88.55493545532227,-60.97085380554199,-97.79159164428712,-65.68454360961914,-91.52670288085938,-88.14715194702148,-98.08927536010742
209.0,154.0,1.0,-85.95784378051758,-68.31027221679688,-95.15517044067384,-64.20820617675781,-88.64524841308594,-93.0646514892578,-93.6599464416504
209.0,572.0,1.0,-93.06888580322266,-62.86347961425781,-97.45111083984376,-62.82467079162598,-94.38785171508788,-90.58897399902344,-99.38067626953124
209.0,605.0,1.0,-88.15615844726562,-62.42770195007324,-97.4161605834961,-62.516313552856445,-92.54881286621094,-89.69503402709961,-99.40631103515624
220.0,231.0,2.0,-75.0838394165039,-63.73472213745117,-98.4944839477539,-63.716407775878906,-84.53108978271484,-99.17755889892578,-99.83016204833984
220.0,638.0,2.0,-84.46033096313477,-59.915658950805664,-98.96500015258788,-57.29039001464844,-87.78689575195312,-91.93879318237305,-99.14778518676758
220.0,704.0,2.0,-85.0398178100586,-49.261579513549805,-98.19664001464844,-56.12713050842285,-84.48263549804688,-97.28264236450195,-99.16858673095705
231.0,286.0,2.0,-77.21980285644531,-62.72036552429199,-98.7699737548828,-61.566165924072266,-86.91731643676758,-99.6662254333496,-99.38727569580078
231.0,671.0,2.0,-85.64344024658203,-58.00814628601074,-99.38869857788086,-60.33770179748535,-86.48382568359375,-92.92970275878906,-99.44618606567384
220.0,737.0,2.0,-82.45354461669922,-46.991886138916016,-98.13723754882812,-55.22854232788086,-81.57794570922852,-98.0713119506836,-99.11847305297852
231.0,209.0,2.0,-78.29133987426758,-62.9796257019043,-98.29102325439452,-63.35832977294922,-84.25152969360352,-98.79651260375977,-99.64230346679688
242.0,154.0,2.0,-77.0940170288086,-62.10818099975586,-95.7477569580078,-61.31135559082031,-78.45204162597656,-87.50829696655273,-97.96386337280272
242.0,440.0,2.0,-85.43318176269531,-59.80373573303223,-99.49140167236328,-63.39992904663086,-88.68911361694336,-98.5259017944336,-99.97705078125
242.0,506.0,2.0,-86.71305465698242,-61.38154029846192,-99.27144241333008,-61.38517761230469,-89.57404327392578,-97.3502082824707,-99.20305633544922
253.0,583.0,2.0,-86.69387817382812,-60.03357887268066,-99.59490203857422,-61.13794136047363,-88.15030670166016,-87.0378532409668,-99.54722595214844
242.0,704.0,2.0,-85.18939208984375,-56.82469367980957,-98.20549011230467,-59.79999732971192,-85.36113357543945,-89.64937973022461,-100.01666259765624
242.0,737.0,2.0,-83.52790451049805,-51.63166999816895,-96.30860900878906,-58.944204330444336,-82.17264556884766,-97.3679428100586,-99.01282501220705
231.0,363.0,2.0,-82.16146469116211,-62.85282897949219,-98.82487106323242,-63.06999206542969,-87.56460571289062,-99.14530181884766,-99.44674682617188
264.0,649.0,2.0,-86.80522155761719,-60.318281173706055,-99.16424179077148,-62.14384651184082,-84.72669982910156,-84.03187942504883,-99.63911056518556
275.0,341.0,2.0,-86.36700820922852,-59.78869819641113,-98.5203094482422,-60.61583137512207,-87.27827072143555,-99.46378707885742,-99.11938858032228
275.0,374.0,2.0,-86.45953750610352,-61.39539909362793,-98.23600006103516,-60.59741401672363,-87.80551147460938,-99.31869125366212,-99.26566696166992
275.0,715.0,2.0,-86.46928405761719,-57.59788703918457,-98.2062759399414,-61.80081558227539,-85.83251953125,-91.59811782836914,-99.2150764465332
286.0,407.0,2.0,-86.50925064086914,-60.65568161010742,-98.32559967041016,-61.02437210083008,-88.22192001342773,-99.51725006103516,-98.8380889892578
286.0,154.0,2.0,-77.8442153930664,-61.64714050292969,-99.09857177734376,-60.97478294372559,-81.58603286743164,-95.8599739074707,-98.9704704284668
286.0,209.0,2.0,-80.3600959777832,-61.80274200439453,-98.5246467590332,-60.21041488647461,-84.0182113647461,-98.60525512695312,-99.08539581298828
297.0,451.0,2.0,-86.28609466552734,-59.56199836730957,-99.16473388671876,-58.56157684326172,-87.29510498046875,-98.81376266479492,-99.5404815673828
297.0,484.0,2.0,-88.13909912109375,-60.316497802734375,-98.95069122314452,-60.10868835449219,-88.85630798339844,-97.96593475341795,-99.30237579345705
297.0,517.0,2.0,-87.50984954833984,-56.52239418029785,-98.89324188232422,-53.80467796325684,-88.1152114868164,-97.49013900756836,-99.2583465576172
308.0,550.0,2.0,-85.78593826293945,-60.396461486816406,-99.07631301879884,-53.9506893157959,-88.02696228027344,-93.34479904174805,-98.56713104248048
308.0,594.0,2.0,-87.12571334838867,-60.44106864929199,-99.28717803955078,-57.85697746276856,-88.01263427734375,-87.53990936279297,-99.21683883666992
308.0,627.0,2.0,-85.32417297363281,-60.0618839263916,-97.8209228515625,-61.87264442443848,-87.93033981323242,-83.41565704345703,-99.0922508239746
319.0,154.0,2.0,-80.42516326904297,-58.71622085571289,-99.51244735717772,-59.88300132751465,-85.31890106201172,-99.20726776123048,-99.7280616760254
319.0,671.0,2.0,-87.73019027709961,-60.37403869628906,-98.35295867919922,-60.81521415710449,-87.49626922607422,-85.75033569335938,-98.3671646118164
319.0,693.0,2.0,-86.62112426757812,-61.41622543334961,-98.99747085571288,-63.79303741455078,-83.21332168579102,-87.43835067749023,-99.7989501953125
330.0,209.0,2.0,-81.18291091918945,-58.70589637756348,-98.13413619995116,-59.15743064880371,-83.5666618347168,-99.12237167358398,-99.35248947143556
352.0,253.0,2.0,-83.22002792358398,-57.87262725830078,-97.25919342041016,-59.151763916015625,-85.32393646240234,-97.89698028564452,-86.50265502929688
363.0,154.0,2.0,-79.29413223266602,-58.388065338134766,-100.07584762573242,-61.32616233825684,-81.34639739990234,-99.56750869750977,-99.57015609741212
385.0,253.0,2.0,-82.38164520263672,-59.49292755126953,-98.81236267089844,-59.882354736328125,-82.5219955444336,-98.7724380493164,-95.51735305786131
385.0,209.0,2.0,-80.63668060302734,-61.10486602783203,-98.91437149047852,-59.43290328979492,-82.33998107910156,-99.20630645751952,-99.57702255249023
429.0,253.0,2.0,-79.12298965454102,-60.14564895629883,-100.1310806274414,-56.5090389251709,-78.4833869934082,-99.29913711547852,-99.2738037109375
429.0,154.0,2.0,-82.37939834594727,-60.643964767456055,-100.15761947631836,-56.71551132202149,-77.09536361694336,-99.2958984375,-99.30752563476562
451.0,209.0,2.0,-79.52910995483398,-59.85153198242188,-98.84601974487305,-60.07651901245117,-78.17766571044922,-98.79845428466795,-99.19540786743164
462.0,154.0,2.0,-75.2715072631836,-61.61286926269531,-99.93142318725586,-60.34658622741699,-74.33040618896484,-99.17033386230467,-98.71102905273438
473.0,253.0,2.0,-81.3623275756836,-56.13541221618652,-99.50522232055664,-55.13966941833496,-81.61133575439453,-99.30749130249023,-99.32950973510742
506.0,253.0,2.0,-82.641845703125,-61.20515823364258,-100.31152725219728,-55.23521614074707,-84.26015090942383,-99.6971549987793,-99.20287322998048
506.0,154.0,2.0,-76.39549255371094,-63.5121955871582,-100.2026824951172,-58.59143257141113,-78.94962692260742,-99.86274337768556,-98.64300918579102
517.0,209.0,2.0,-80.22233581542969,-61.34046936035156,-98.84360122680664,-60.389102935791016,-81.20659255981445,-99.2686538696289,-99.27566146850586
539.0,253.0,2.0,-81.66276550292969,-58.99114418029785,-99.93523788452148,-55.68552017211914,-84.01875305175781,-98.90119934082033,-99.1826400756836
539.0,154.0,2.0,-77.68713760375977,-61.70545387268066,-100.30258560180664,-59.17536735534668,-75.31550598144531,-99.96282196044922,-98.41217422485352
572.0,253.0,2.0,-81.52561950683594,-59.2701301574707,-98.2872428894043,-53.75366401672363,-83.69384384155273,-98.68421173095705,-98.71987915039062
572.0,154.0,2.0,-77.77288055419922,-62.92187690734863,-99.51871109008788,-57.406246185302734,-74.30195236206055,-99.59698486328124,-99.33642578125
594.0,209.0,2.0,-79.68924331665039,-62.626556396484375,-97.75023651123048,-56.53193473815918,-82.3481330871582,-98.56061935424805,-99.08420181274414
605.0,253.0,2.0,-83.25509643554688,-57.56432914733887,-97.85903930664062,-50.46308898925781,-80.31088256835938,-98.35787200927734,-98.88333129882812
605.0,154.0,2.0,-76.94291687011719,-60.68010330200195,-99.19139099121094,-57.23580932617188,-79.30085372924805,-98.81045913696288,-99.2133903503418
649.0,253.0,2.0,-83.31350326538086,-56.61561012268066,-98.2895736694336,-50.53305816650391,-85.06743240356445,-98.58829116821288,-99.1597785949707
649.0,154.0,2.0,-77.67417526245117,-63.59077072143555,-98.80749130249023,-56.65039253234863,-79.86169052124023,-98.83424758911131,-99.00494384765624
154.0,143.0,2.0,-75.38246154785156,-60.93036079406738,-98.39844512939452,-58.51460647583008,-79.75014114379883,-97.59433364868164,-97.72974014282228
154.0,165.0,2.0,-71.6318244934082,-62.106746673583984,-98.1463508605957,-58.18236351013184,-80.70701599121094,-97.44110107421876,-97.67250442504884
671.0,231.0,2.0,-83.78556823730469,-59.4828987121582,-98.50586700439452,-50.701316833496094,-84.68606185913086,-99.03702545166016,-98.09663772583008
671.0,154.0,2.0,-77.09858322143555,-65.64923095703125,-98.90543365478516,-53.1085205078125,-77.55141830444336,-99.55376052856444,-99.53181457519533
671.0,209.0,2.0,-83.79068374633789,-64.40965270996094,-99.0619888305664,-52.686973571777344,-82.24410629272461,-99.4049186706543,-99.54600143432616
715.0,154.0,2.0,-81.42218780517578,-63.44720077514648,-99.76773071289062,-57.9128532409668,-76.58575820922852,-98.8487663269043,-99.21140670776369
726.0,231.0,2.0,-85.39092254638672,-59.86987113952637,-98.43379592895508,-51.46809959411621,-84.70550155639648,-99.11714935302734,-99.27068328857422
737.0,209.0,2.0,-83.96850967407227,-63.10776519775391,-98.57545471191406,-58.10507774353027,-77.41215515136719,-99.43170928955078,-99.64666366577148
748.0,154.0,2.0,-81.2229118347168,-65.6321029663086,-98.60116577148438,-57.37490272521973,-75.27318954467773,-99.10153579711914,-98.97759628295898
759.0,220.0,2.0,-83.1838264465332,-65.61552429199219,-99.42013931274414,-53.96721839904785,-78.92672729492188,-99.27131652832033,-98.79316329956056
165.0,242.0,2.0,-79.89280700683594,-64.17061996459961,-98.08755111694336,-59.97676086425781,-84.04385757446289,-98.94320678710938,-98.43758010864258
165.0,209.0,2.0,-75.32107543945312,-63.77265167236328,-98.07177734375,-60.87392997741699,-81.3810806274414,-98.6654930114746,-98.59527587890624
792.0,154.0,2.0,-84.4052963256836,-68.55459213256836,-99.87578201293944,-61.69001388549805,-79.69721603393555,-99.3839988708496,-99.47484970092772
176.0,275.0,2.0,-83.43545913696289,-62.882999420166016,-98.78802108764648,-62.83273506164551,-82.16836929321289,-99.41340255737305,-98.92920303344728
176.0,308.0,2.0,-83.64217376708984,-61.01939582824707,-98.4023323059082,-55.19605827331543,-85.11539077758789,-100.11286544799805,-99.58288955688477
176.0,352.0,2.0,-84.62217330932617,-60.03847312927246,-100.28996276855467,-57.14864730834961,-85.9840202331543,-100.23147201538086,-99.80196380615234
187.0,385.0,2.0,-80.5949592590332,-59.41479301452637,-99.87064743041992,-60.53205680847168,-89.50951385498047,-100.30274200439452,-99.28726577758788
187.0,429.0,2.0,-86.22146606445312,-57.62783050537109,-98.66972732543944,-58.100189208984375,-88.21921920776367,-97.66535186767578,-99.29244995117188
198.0,451.0,2.0,-84.51132583618164,-59.87969398498535,-98.14057540893556,-60.531694412231445,-87.64829635620117,-97.68708038330078,-98.87676239013672
198.0,495.0,2.0,-86.72219467163086,-57.72690010070801,-98.9061508178711,-56.60857772827149,-90.2430191040039,-97.70723724365234,-99.46622848510742
209.0,539.0,2.0,-83.63985061645508,-59.03447341918945,-99.46807098388672,-56.06354713439941,-89.91284561157227,-96.30358505249023,-99.06990814208984
209.0,154.0,2.0,-80.37948226928711,-64.60355377197266,-97.14056777954102,-61.45119857788086,-81.92326354980469,-96.75814437866212,-98.56206512451172
209.0,572.0,2.0,-86.38594818115234,-58.791582107543945,-99.10819244384766,-58.04551696777344,-87.69195556640625,-95.77717590332033,-99.18914794921876
209.0,605.0,2.0,-84.0955810546875,-59.728864669799805,-99.35369110107422,-57.36824989318848,-89.46429824829102,-95.0568504333496,-99.55525970458984
