C1,C2,C3,C4,C5,C6,C7,C8
1626,9631,67.42828004690413,2757,5247,1332,5484,8501
1966,7749,-529.6446285140448,9898,4353,4522,2365,5720
3452,5218,-1041.7108825966684,8006,4539,8891,5717,3871
4399,1163,-74.62872779093648,2747,3303,1724,8128,5992
5330,6844,-715.6231783690902,763,1925,7019,4248,2754
1873,5390,855.3143718177148,5352,3968,5004,9490,8735
1748,8285,-931.8069986054045,3536,4179,6004,6832,3646
781,575,-636.0092724133891,9002,6995,4803,6798,947
8895,8656,222.59242168932494,6875,5080,522,9394,2097
6153,4338,-246.6980363752366,1834,3761,1023,3402,5242
7028,3188,-1684.614380877319,8697,26,9312,4436,1443
4184,7093,2299.8609177909398,4720,703,68,708,1771
9957,3950,-1118.6709706405127,8980,4580,3789,4148,9720
4229,3787,1501.3505449257598,8849,9873,7056,2645,9345
1688,5372,-326.1933785245419,5586,9967,9871,9318,356
9606,2222,75.4551224466297,2878,2855,1590,2414,3309
2346,3798,1143.5595809390065,1219,1473,3041,7694,5195
3498,6089,-562.674302209476,3499,8858,3749,3257,4757
5220,9483,1250.5364567391096,7745,4515,6109,6765,144
8731,6253,1341.8869193125324,8559,7435,9004,5192,6880
8241,5555,672.1544548523643,2846,1965,1379,7228,6105
9374,7378,1435.6529247980327,4824,7978,348,2133,6170
5241,8276,-1187.0498670451323,7591,3606,9137,2099,5611
7088,7816,-889.9274705042839,9250,6211,6217,2403,8588
1771,5586,473.5498315182729,8812,4525,9973,4739,3122
1298,5885,2208.4371280364394,6934,660,6146,8943,770
6845,599,-417.42268021855875,6941,9877,3065,1115,3454
4354,5372,-1232.0439581024257,6737,5587,6803,4916,3204
5341,4938,-486.7981657806712,2771,9729,5027,7832,461
4719,2594,559.7268210390541,4052,2447,9636,4808,7415
7246,966,-7.245067409281839,8074,8241,1913,4798,8248
4664,8042,370.962792707818,3175,3059,4155,8245,9665
4746,3952,-480.9819434808421,9350,7961,2014,622,993
46,7885,-417.43167819512115,153,2451,1072,673,4678
2427,3714,-657.9233212415078,469,4103,479,190,8924
2620,9567,462.83413537414026,5628,7743,9635,8892,1076
379,760,1103.055995240558,7773,671,4236,738,1258
376,2977,1499.145831069494,4056,1489,9506,7873,3075
6622,385,-107.71850175306596,3044,7530,6578,8473,6420
77,9093,-1761.3125010503973,9752,2093,177,633,800
9558,1542,779.7921505100275,5925,6117,6689,6058,662
9301,6765,998.200263443927,2659,7634,6856,7997,2304
9161,3641,1117.051083123028,187,2954,8961,2694,2942
5222,6423,1531.7284944136738,1258,2346,1930,1740,3091
1794,4367,54.11963799544248,8259,6889,4670,2350,6696
7090,1436,551.7677679518971,3720,2991,5362,3990,8388
9089,2999,-1687.273830861864,363,5965,1160,3472,19
2757,3424,745.0663748754693,69,6355,1659,4664,6561
8897,7840,957.9163590956358,2393,9889,6906,1771,5904
420,3384,-596.606802976166,893,2013,8348,855,4725
2908,7768,1163.2480577347874,7337,7922,6433,5171,5897
935,7426,-563.5954600771558,2737,5341,3710,2768,5071
1121,6084,166.40584896993317,5651,7812,1319,3840,942
8819,3106,-400.43506159829946,770,8214,796,950,1973
8141,3703,413.71117727732025,6260,1783,6937,532,4023
9053,3144,-1217.4029943251314,9515,7582,4023,8130,7065
3964,63,-1629.974226944383,5868,7923,3913,2196,9000
8512,2361,-344.70639063285387,3427,5026,9450,5561,8749
9033,3462,-395.68253229473333,1509,8868,5636,8597,8856
2385,1301,552.2527435000345,5440,4211,4222,9278,3871
7629,257,-397.58044612057535,910,4432,1039,2099,842
3380,6768,1303.5399640963708,5777,7814,8195,9316,9223
1185,7693,-787.2562372465835,7414,473,2425,441,1410
9663,2018,-152.9533104594622,1070,8304,9825,2175,3161
2569,4560,1671.5625695684669,3455,3438,8794,1248,5826
1055,8896,378.36653317489026,8467,9745,4059,925,1641
9977,5576,-192.917774276813,1109,9082,8112,9285,4652
7203,9424,-1405.9598177935122,4729,1270,2666,3764,3757
5915,3634,-72.00104318448689,4033,1670,1466,4611,8100
9154,8594,-871.4735400241356,1740,8471,8356,8336,5999
3446,9104,569.866439343117,2195,1425,9504,7126,2283
3034,1594,1846.8077902191967,500,8258,5920,670,8245
3272,4150,33.897498389215095,4328,9460,1286,1465,422
8762,4413,402.19629099544784,2810,9277,4118,6410,7984
8469,922,-494.2405560095238,6702,1288,2902,1202,4585
7490,9385,185.37657409222933,9902,7392,3805,1691,9553
4548,6254,53.98612554573138,2397,9804,609,5051,1348
2060,4999,264.7965771743064,4583,8353,5084,1801,8336
5463,7349,-537.3433372404246,64,9328,3712,140,8758
4086,8355,-755.1049142400374,921,8936,8774,3552,2696
5047,3922,-184.7934223617868,3120,7692,6756,6574,1280
8934,9820,-86.67789384709499,4012,7687,7407,7738,9495
6355,1360,-190.5591660152125,2661,4322,4484,2303,6484
8455,1797,1685.3525506600342,4770,3964,126,7917,3001
9955,6219,-259.3653583759856,1222,5494,2177,5268,5801
8795,2337,-1245.6487079785793,5792,2962,9346,7936,6206
7720,7309,-222.72484657253054,9580,1094,4820,7344,5906
3153,9961,675.654586280124,7303,8587,8078,4803,2260
9616,5487,-2070.657597822254,7721,1195,8113,7308,4290
5300,3037,1895.6898338674941,4906,561,171,5831,4738
967,648,-1741.2489815963563,496,3672,6284,4662,4423
6676,1574,-1592.7729570108686,6008,2356,3192,3583,20
7981,1215,-20.43318940469991,737,6997,4106,725,6758
3675,9823,716.632508838708,6505,4379,1809,5211,5483
2356,3684,256.863377767847,9682,4399,4514,1644,8853
4365,1899,561.9331104184764,3852,1471,6218,8314,8583
7208,9036,-18.05741593973813,256,4804,22,5478,3942
2491,227,75.03227072947196,4184,1592,9069,2796,6146
4458,8223,567.5770491206099,9178,6625,2497,3482,7076
7320,3345,-1973.0539065419262,4304,7984,2751,3732,198
3407,8530,-979.1752563623986,2313,3152,7298,7503,2178
1955,2156,-396.2531793310188,3458,5632,7537,4713,9914
4645,2811,-821.7650882063134,9799,4756,7040,4648,7679
371,7637,207.86725265957136,7682,3048,3821,8964,6636
6699,7329,-578.4827687785627,2676,7386,2071,9341,8721
471,1044,-1968.36261988782,7801,7187,9431,4709,2026
8330,3553,-883.6755922792877,8497,5951,7914,2292,332
6395,1232,1000.9352702434408,9108,3893,9974,8135,3101
6203,7214,-1376.438924993725,9398,5288,6731,2952,7182
8547,67,1516.1965111177271,3840,9487,2181,8411,3208
4733,9211,-864.7941175182377,5147,6480,2427,5876,5471
629,4088,789.6931853336503,5409,9140,8274,3804,8570
5946,4129,611.2815366752951,160,9080,741,3308,8823
8400,6543,1463.0829873305847,8834,2613,658,9869,9299
4064,998,601.2627155493797,9184,9306,3361,7357,8710
5745,2483,664.4790612597243,9142,7967,3433,791,4985
4049,1046,-28.231753900381385,7060,9452,6421,1389,1229
3729,1568,1292.3298699940922,3199,7989,7514,6063,1660
5734,5297,153.29880047148967,1052,8355,7302,4703,2841
3837,1616,-265.65374330725103,4117,4097,977,9352,3813
6204,4845,957.8949421346344,4470,7683,3598,6920,7289
7859,6589,1639.452676959946,4153,5836,3615,6478,1117
6996,673,-423.90217372841454,7755,1808,7420,5800,5756
4765,4673,-1989.730360183935,2288,5981,44,9134,5569
5208,5086,254.28592349337438,2702,358,9997,2845,4423
1023,9969,974.6182666822808,1541,1721,344,4384,6301
6756,3266,-1316.6875261352861,3189,3785,7811,106,1189
520,9477,-1356.4168408345733,9182,4865,2074,2381,4316
5401,4752,-2161.589757148534,2196,4929,5866,4590,3104
9352,7479,240.72131513476663,3468,5667,3261,8379,203
3965,1663,800.9322175468109,3885,2107,6436,769,4547
652,4367,2452.0430292181914,2995,6054,7552,7282,1359
4100,8745,-684.7966566483053,9162,3836,6130,5871,1908
5900,1932,-2775.7282352489033,6616,8458,5766,3181,7591
1994,7450,1252.5404216138463,5152,1845,8136,6179,7247
9112,6946,688.7480709561449,1496,1763,7725,774,5749
9760,1456,-455.42377945029745,5295,2664,9429,5622,1553
9791,6711,535.7629773959047,4779,9295,1274,839,7456
8052,791,928.6924325984314,3094,9382,1278,2386,2105
7666,1243,222.08019096923368,107,7040,455,2390,624
3369,4928,405.5136659081101,5687,7031,3814,253,4894
1322,4907,1054.7004067605155,9115,1835,7887,6042,1595
9028,7606,-965.1090830462672,1758,1499,1847,3238,8763
796,6281,739.5338705209662,3344,1082,9099,8701,3465
3711,1187,-195.82219188064886,8719,91,6562,3408,6715
9255,196,-1411.4719769880153,1839,5308,2210,3947,9712
4550,7565,-382.65638897039264,1190,8668,2923,2658,823
4386,8212,-1094.3818294674622,174,4177,5871,904,3850
64,1985,-131.75626429774198,9822,5711,9997,6886,3752
5406,8841,-1197.6777043858453,6194,7024,5033,9758,3144
4724,1246,1171.3855697605804,6913,3076,1440,9079,1398
7725,7465,602.0186390023174,3964,7974,6105,8078,3717
5416,328,-2069.0452576843622,1650,4415,3209,4152,5621
8451,790,-1718.9257187992503,6783,4248,7838,1967,4773
3140,9664,-1799.2294548581256,547,9515,3857,2525,1061
3767,7923,48.546190574146074,2896,3795,7142,4167,9642
4342,3772,1917.9818171760483,2130,7332,1737,136,4241
4659,7316,1520.8420263639,7569,8903,1611,4844,2306
8835,5231,-795.521888078854,5825,1575,894,5437,2260
2500,1610,-414.57498341178166,5825,5511,5562,2682,265
9338,3673,-158.6379452983322,8280,5163,6660,2514,7290
6737,8271,-535.4548611382376,3286,933,4149,1844,5249
7326,6327,407.13973569957125,4338,6006,9791,9159,3963
6814,6054,179.59615760050028,5924,5093,1888,8660,2020
8423,5942,992.6859470192462,1666,2725,4874,3300,2921
2239,7577,-2398.9034030171156,5731,3484,528,2041,2091
4552,3331,1416.2747478458052,4354,3760,8969,809,9790
3909,3181,1820.0006806926874,2076,8209,8171,4945,1781
2055,2139,-79.92674738679479,8142,5527,8421,1538,9021
8769,6466,-793.9248263496132,5270,7322,3905,8246,3136
4777,4553,-631.9498347982369,4077,9960,6893,4248,9558
2047,6410,-1316.3152944983444,1132,4857,4567,4993,9008
7663,6309,-293.32758903897263,5871,9838,913,5212,5472
2509,6898,727.6415091374371,4878,3225,5135,4991,8448
5329,8578,-1005.4354649356106,9231,9486,4787,5576,3453
6658,5710,-640.5221375796814,9814,3213,6220,2059,7840
710,1252,-1360.944307858552,5725,6897,6412,7716,7921
3123,89,797.3577235992907,5941,5256,2214,4512,7320
2874,3674,611.8379269335471,7778,8639,1212,8429,6426
6992,3446,1982.2134328488496,9731,7986,470,1581,1398
9363,9765,-231.80215635017265,2804,524,4722,9134,8343
3813,3050,1737.7034335896258,9407,1994,3839,8232,9157
4550,469,1024.595113094779,9068,9230,442,5568,6517
590,6374,665.5561982538917,5554,2433,2317,5026,4964
4581,7713,-1097.4519259064252,1301,1671,6377,1404,6651
2494,3038,-272.2809116951178,8857,2107,8903,7323,9007
63,3495,654.1989555903842,1494,3796,4417,122,8595
8852,9536,240.7643240855199,1195,4993,5722,3501,5358
1535,1879,444.82987940213997,5996,7870,2115,5548,8626
7129,5736,244.07314212821922,468,5577,1390,7467,8649
6464,6830,2621.3458729297963,8107,8054,445,2310,548
7895,6953,-864.8601856949089,4666,3630,516,7723,1639
1328,9292,-1619.826232220165,7420,4156,2573,4210,2738
4148,6113,-108.57701125918369,8194,1073,1360,4510,3454
6074,9609,714.123294999118,8985,2278,3616,897,3975
5040,4636,1514.5313806554407,6348,5530,6115,8931,5137
454,1456,-606.6880374695908,8089,3698,2924,2578,1533
3864,9834,-17.489384702520805,9321,1184,1183,8519,5055
7477,2378,-642.0611806479612,5794,9466,5546,6349,1097
6120,2709,1805.0527443305134,1183,5426,456,7673,7298
4062,2068,776.1243660669263,2836,3277,9202,2386,1284
3580,3063,82.27724758028222,4482,4992,560,4599,9562
5521,3396,-620.6180821326166,2281,1524,3310,2275,9647
2356,3512,336.5478745826561,7308,8899,4105,1765,6399
5073,6566,1106.4203198826433,9896,7928,3503,6738,456
3501,5124,581.7265427052059,5770,9759,3157,7501,1270
5269,1072,100.28391846835787,864,3383,3367,6106,7777
8639,4946,10.092334243930864,4241,2837,3101,2076,281
4517,9572,373.0605905579552,5947,9156,1294,9614,5255
4851,1857,-449.583410142772,7660,1696,8443,6940,3022
6118,1177,-172.37386604576255,5452,3673,6506,2353,4957
2679,5295,-1038.1344627525277,782,3918,2780,877,8073
4832,1429,24.85841358276195,4422,2421,8518,7649,5007
4748,9273,-406.6295998275922,2258,6257,2774,4051,1084
6506,9409,-573.9609804959958,841,2791,159,936,6377
8260,8379,-34.71142990419761,7485,5263,5352,9005,2118
7211,4660,1078.137507075866,3526,9291,8646,2749,9774
6700,6359,2952.704681278179,8193,5395,6372,3756,2526
5916,3609,-144.41677453925743,8083,3415,4206,8982,4734
1020,2995,-1142.060702827852,4959,1873,8153,5081,6112
3882,4011,-1204.7388347940941,9220,5861,895,45,4094
8781,596,-177.86932026156143,7295,1067,3957,782,8879
3934,5350,1896.5746297202734,6316,132,9528,2286,3836
4785,636,865.2146607063333,5194,7849,1429,8210,1891
1308,9103,-1026.397625434714,1159,1259,5714,6059,8980
7653,2119,-413.9654146526198,4879,1979,5673,7651,9903
731,412,809.5337751610655,7065,2147,2072,1760,9338
2263,4255,-940.000066771022,3088,4313,5961,4084,5615
671,8547,-786.3318733740962,8640,599,4608,7904,3440
2559,7238,509.12476551880195,9877,4428,8769,78,2667
821,6854,301.8611803404928,9558,2325,1056,9489,3347
6969,4375,443.48956933420254,3744,7807,3263,2082,8821
1515,7215,-226.83635930203852,7710,2578,9596,9452,8159
7832,6582,-338.76913826957735,5464,7727,2684,5788,2425
3326,7129,-459.73765591655246,360,2856,505,8335,5087
4708,3169,321.163838761109,4521,8274,276,6061,1299
530,3407,-1116.1440256568849,8895,8152,6711,5378,3045
1375,4139,-739.3991792372366,5371,7330,1127,1704,6952
5376,5783,-1308.0416675873794,8387,9863,7588,2370,9726
4350,1198,1023.3953358305637,6023,9019,4291,2069,9210
7985,8381,890.7380271273321,3325,840,7414,7684,4891
5841,5565,-709.0339941297319,5280,9592,3484,1694,6665
3864,9484,2879.136071560226,2369,8004,4629,8136,5831
2013,5067,1379.0432920667863,7684,4230,7275,9174,1504
6156,5808,-595.8937537508242,179,1197,2605,366,1108
6399,5779,-840.1437657888318,8128,8277,9760,5855,1886
5443,9443,-229.06122049580716,1849,549,5725,8678,4545
2861,9260,876.791106159064,3633,6310,5285,1967,3774
6551,2001,200.43103512617574,8038,2121,1920,4980,7201
7755,8710,-245.1597925517122,2283,4751,6293,3644,5092
1142,1617,1527.8434811884972,6226,4440,1803,2771,8824
1010,6001,232.11367086951626,6678,9888,5360,2615,7941
3375,3757,2219.573609832285,749,4526,5729,4796,4987
3654,6353,-2218.09256042776,5614,4308,3,669,2289
7750,9268,-311.1972836457173,1077,421,9466,6637,1137
1306,9197,-676.4908749347996,8303,7477,9144,2963,3674
9002,8533,91.77180796775292,1691,5848,911,5721,4128
8001,5289,781.9665548486018,3843,90,1711,7782,7184
6472,3271,323.3239437830819,193,5525,865,568,3307
6214,9274,-1302.1255531135748,4609,3838,5310,9392,9151
389,2547,95.5889409782025,1059,7335,9242,5353,2095
4405,1749,1311.6026000912236,8514,47,1096,3205,4827
9373,975,-388.7365924282414,8558,2949,4052,658,8766
7402,1714,-153.60328817302786,5232,7440,1796,8365,6727
5914,9756,-417.4011964889069,4723,3391,4478,5012,184
1472,4900,-1934.2866426104588,1479,2614,5139,9742,5777
3474,6339,702.5772443308874,8263,755,4225,9511,9476
3128,4028,-1525.2181490382177,5786,7978,6451,4166,8030
3324,1064,-304.403331616012,8455,3251,6149,703,5637
639,613,-1518.1948672448443,1067,154,526,3737,2412
3460,5362,-143.27824928660877,5108,7306,1581,6137,7991
6106,9728,-165.8932469002198,6935,7487,4366,5325,7321
7452,7191,-78.67259756211246,8757,7176,4321,7570,7562
5362,482,120.23770946318353,196,4331,9941,9093,3361
1165,6660,-1332.0760733137186,2016,6390,6664,4794,7035
4257,3880,-889.5324761289608,6561,8780,1279,8393,3935
74,3200,-702.0632030538964,5852,741,955,9242,3130
6809,3912,-1192.0493748022654,6030,8963,1418,220,1585
6255,170,-78.77272130430134,9373,5562,4815,7045,8284
2265,1972,1796.8862844259424,6922,6681,216,5454,5304
8676,9746,-184.8450953587817,5493,316,5763,4544,5500
6241,2463,251.10393666581317,9430,5738,3216,8695,4379
8651,1263,-642.3494840769407,2747,747,3290,3815,9578
32,8386,325.6224384293257,4235,7432,2228,1416,7380
3291,4686,77.32338935402231,9514,7081,3715,5599,736
6993,7711,528.2776814975053,8832,7316,2597,3302,6485
2490,5642,-1124.5727958906411,7439,6147,8632,192,8159
7054,9294,-2003.1575216589483,5595,3304,7264,9986,9435
4609,7739,-1037.4566393394239,198,2573,6011,5630,8141
385,9511,100.52343851255071,8093,9764,49,6006,5608
4011,7503,-2030.0028789226349,3877,1656,2157,3547,5336
7699,7904,43.672500520720575,4866,4900,8026,4907,5627
4921,7194,855.2628496360823,6368,7222,563,6748,1497
9041,1610,1280.935262485361,9415,5650,9880,8988,7953
5723,3519,591.759935770575,7632,8329,6010,3054,8811
243,8058,1107.5573570793783,2911,5309,3185,848,5715
5584,4008,1147.0986505703272,614,178,1403,2326,5407
5199,9108,-1591.5446940171619,3131,6217,2078,1447,1725
2332,1834,-199.96612165355737,150,4079,6970,939,8907
6554,1419,1265.5509479123814,4130,734,4140,7865,4098
5861,1634,490.80652006276176,4306,532,5182,416,4623
6821,5845,-510.9034538733294,2669,8932,6389,2494,2874
4500,7527,-378.61342475689344,3669,5260,2110,8113,5075
7876,5242,641.5686659080537,111,5901,453,3320,7416
4735,7514,-311.5844942457345,7856,5101,8846,5707,1262
6198,5969,-520.258489357816,5180,7913,1415,948,7138
655,8202,860.4225942646318,5987,9000,1233,1870,8857
7113,5983,-437.9435431350852,7705,4757,659,7006,9277
211,9328,-879.6116374726483,2434,4439,2221,4544,2971
2652,3297,1182.805263555464,4338,2258,3900,990,7802
6022,9593,166.11815930720425,9812,9389,3488,1592,4872
2016,1556,-154.512836210168,2085,1256,1788,5221,2034
8267,7592,-882.1049764354591,2269,6280,9448,2642,688
6915,1637,245.68284265432612,5659,3176,1318,2768,5792
9414,6354,-139.73479054801567,7031,5955,5515,8606,7392
6046,5143,1711.2100089521286,533,2482,8409,8567,578
2081,7082,-2010.9740870370088,4832,2373,2273,7745,792
2390,3645,-58.18586141379424,814,2528,3685,2074,600
1668,8378,603.7254024659937,8483,514,8915,6201,3840
7401,1912,736.5788987785473,2349,3975,5182,237,6886
3945,3993,-1587.8010239916182,9550,5890,1800,6800,9328
6759,4511,-937.8439362048268,7897,7478,2900,6350,7951
8183,5361,-1747.0815770782556,8525,3336,7993,2108,7046
7544,6998,-361.5101291324734,9642,4258,6233,5029,5062
911,514,-505.35772550962673,3345,1219,5156,4412,766
4929,3692,-832.8485783528644,1299,9585,176,4932,9449
1004,8357,2089.118321234639,7200,5828,1381,8123,1600
9406,1270,-291.70952525027536,5744,3440,2712,6736,7042
5120,6369,1254.2791226185288,8643,3480,2141,9439,3045
7657,1430,501.86509197987533,8137,9871,7208,7869,1828
8793,7029,251.76489532078762,4830,8145,1414,7621,7636
4480,7344,-333.61644696527713,5991,396,1302,9287,1837
9313,9654,1094.1106616501118,5239,4827,4158,3546,9263
7321,2563,-1443.376152751615,1970,3991,5353,7697,4618
4439,5294,-612.0615720679197,9437,9449,1600,5314,9013
6025,1086,751.1061055035384,3549,3503,129,1214,2393
8457,8623,1427.2345519668643,805,4783,5542,4007,2935
7727,8568,-251.59054930491834,4549,2492,8401,8502,5511
9807,9641,1055.0604187612519,9056,8745,9434,250,8372
5830,1851,1893.9503167059029,6380,9738,6436,4714,2108
4264,8344,215.09755947641807,183,7287,375,3380,9788
3903,8882,225.296391314483,322,446,9428,7387,9039
4028,505,1040.1269094246452,6927,2404,3542,4239,1168
3712,7892,621.9042205858067,4781,1824,2811,3955,8383
3046,3746,-512.9921698954981,7227,3694,8888,6508,5424
185,498,-116.86787916544796,3666,8560,278,7543,7146
2713,579,519.9336113130856,7788,9451,9710,7056,1579
1306,6466,474.13267414274054,2027,5044,2449,9056,643
2343,9768,506.5966909137365,6771,5691,3286,3191,6514
4307,6659,-744.3004896255144,2949,2690,6781,3701,5284
9917,2373,-861.959849650929,7830,6182,9906,4210,1314
8369,3006,-492.56416355213594,1718,6841,7785,2885,9031
9225,4097,-152.905286197635,4100,3873,9758,5618,1167
7477,4113,1293.179572765185,5033,6177,7422,3201,5917
4422,5128,-457.49643747099697,2615,435,4161,4798,3405
3655,7272,-688.5810806281074,2150,9088,6393,6527,9233
2745,7234,-219.60708586179393,1630,1133,8283,6100,4080
2215,1084,-178.43166603265567,6466,1579,8069,2254,817
6476,5830,1032.0853063955947,3175,6680,1419,7366,2945
4276,1472,16.87235365286344,1474,4976,7704,492,8816
5678,9776,-1076.0753200959184,1413,6201,2319,5786,2146
4136,1661,910.6723770650335,2028,1711,8756,3090,5660
2899,4301,1473.7336901871497,1108,9212,1549,9495,4400
3141,2620,-569.1133387545502,6281,3305,5801,7898,3695
9219,7884,168.14005557584994,5252,9592,7720,2162,4703
1569,1224,-652.7220663546406,5182,2305,6743,759,554
6273,1664,-420.9454110113026,5470,1596,8630,6629,545
1280,7247,-2041.4336537736046,8414,9,8374,2256,3465
9881,8927,881.3642032723176,4098,5748,8683,9498,8437
4858,6716,-256.7664185378288,3679,2046,6638,9314,938
1078,9850,-747.9402671962264,6849,4187,4416,7904,4232
9141,2799,393.78135523616703,7798,9896,3123,7856,5578
9180,3996,-454.74551854434804,829,9569,4825,5926,5130
8225,7296,-2135.1167156692613,5419,1680,6281,2608,8192
1213,8218,-250.47285124558616,9825,6403,597,307,5189
8383,6860,481.2591079634513,7310,2183,968,7303,9953
238,575,-803.875626363221,3013,6559,7542,2532,4409
1344,3353,-984.9330775724205,7718,8097,8615,8038,3224
4610,3936,498.75795721517784,7151,3561,4989,4653,2800
6848,5349,1719.8306959235044,2805,889,8833,6720,9509
5963,5765,1616.9084055941407,2512,2683,2364,7019,1575
645,3638,-223.96078761666172,481,4797,9023,3017,7486
6025,868,942.2184553221185,5370,6590,7403,5161,4610
5886,3984,865.1398776574088,8349,8621,5416,5225,1734
6416,1604,-147.05134565318343,3855,5391,1572,6152,7451
3502,27,109.8732725590092,4928,6268,1253,5021,2572
8313,9188,-1069.1374479547108,2125,3480,5474,6622,410
8576,1541,-999.6656950171392,1623,4115,2969,4155,7372
2765,7964,-606.1031943123031,8679,3561,1432,75,1147
6045,565,-1295.6862911846365,9310,7815,6053,6102,619
9245,1883,475.11982151958046,3741,9238,7642,7909,6273
3653,5302,567.4596417957051,7886,2502,3069,310,4974
7067,1092,-706.0085091303363,3253,1440,1506,8304,2722
6611,6912,755.263317034233,520,2488,476,1230,5798
9272,417,113.90005123848037,4818,7884,4753,4383,2508
9434,4130,-234.7002420700694,9622,3519,1825,8781,1385
9105,3197,691.1654085917797,2166,1448,8688,8236,3833
5753,1031,647.4951901915167,4497,1359,9646,9702,8454
7747,7856,1198.517929580153,876,8616,3215,537,9685
5510,8808,-1243.5016868083922,5342,9202,7055,3675,8057
9108,4789,1702.8705586416313,5439,4637,4481,8575,5609
7333,7340,-248.8614647491585,7168,893,2284,2678,7986
2631,6662,-183.60310096031552,3536,7055,5512,6673,7763
3769,9099,571.6469580302555,2708,1911,2929,6621,4152
1227,9905,479.01949501362895,3623,6176,2001,9047,8937
236,4401,828.7153133091091,1446,7133,3244,6598,8152
6825,1574,-1339.6242409113638,5664,6594,8194,6710,2094
9697,2774,-1754.7351587637074,9668,1832,701,2859,5734
9959,2035,-259.7700199868855,1271,8005,4247,4991,3038
1412,2631,-637.19634504582,2207,8742,1497,3899,8188
1667,407,416.26251947003414,9720,9765,4083,4767,559
5007,6610,-232.3053530417382,6015,1462,992,2712,5755
4127,1482,-33.97501359992275,9559,2967,7313,5268,562
2629,6374,-8.121598369660735,4277,4185,3053,2543,6384
9808,40,-237.46011837773088,6654,2819,1966,5887,5311
5060,1164,-1204.7809870484382,4637,9629,4191,333,6130
3996,7014,-786.6517396463804,6133,7433,8899,9423,1204
4687,3547,-548.6372707522092,2141,7988,5706,4915,4194
7626,6944,-813.1165511130437,6304,9737,6682,8989,4656
4590,275,34.15560658703117,6789,373,6428,4063,111
8223,460,-1015.6477360585557,1804,2962,6725,4175,3894
165,7522,278.6152323528859,5480,6871,4474,9423,2094
8363,3229,-694.5602940095819,7771,319,5999,4372,7536
1665,3221,-658.5506026234675,6047,7392,9931,7703,8502
2413,7588,1261.0620418648443,8286,8223,2221,9009,1045
9747,2867,796.6256904040696,3376,8179,3097,5146,5865
3388,9930,-644.7445542820072,7249,8580,250,8301,5404
1753,2062,984.8677061290107,4376,7567,7506,5870,3220
4374,3870,-623.2338712677863,7895,4992,5810,6914,6775
2468,3344,871.9759245875002,8779,5509,8234,293,5118
6447,3649,475.0683600960254,8431,2706,2981,6409,7082
1027,7158,-723.5209851754439,5812,5577,6658,6794,7814
4158,1370,-602.3842903309496,9928,8153,9856,7280,324
7029,8368,-420.7360710528699,607,7477,4091,7085,2090
942,5428,464.92287090019846,9132,4139,1180,8538,2396
9861,9775,925.7124767632964,7392,2694,750,7730,9553
9414,3053,-1189.5156167323014,7935,4473,2892,5547,8514
1358,1553,1809.82627463886,3634,3506,7560,8558,3665
6840,539,384.9702645576348,3564,7110,9226,64,662
5911,9807,1426.240468387415,1325,1278,9856,6166,1743
2930,3910,641.4945710656419,317,4967,2788,9738,7037
9426,4679,256.52006907846595,2170,225,1548,8478,2713
8452,3313,140.30520307050412,2559,6819,903,9544,2853
248,9073,91.82727661862711,2197,2784,8845,3862,7570
7719,3079,-946.7828090019173,5189,9645,6504,4849,9600
9088,3130,1278.9107718531247,1773,2109,7555,2797,2225
4125,6518,-74.22125826837348,4384,945,4236,1232,4448
7054,2216,-741.9848980191108,6857,7565,8714,1108,7104
2272,8400,145.81740607613486,1035,2681,1779,7802,4907
548,3524,42.56426072923542,5354,4505,692,6404,9479
207,9066,-477.852504796934,6326,8362,9464,3541,9751
9231,3683,590.7779891434152,6780,4677,323,6957,7994
1761,7612,507.44482468403294,1003,4617,5203,3831,8546
3461,9619,1113.8899328963068,233,7513,7972,4575,3103
6212,7649,-102.82818228896228,9301,3884,7278,384,5115
2930,1640,662.7294396991244,3125,893,2749,6117,4173
5863,5312,-331.77695830099196,5555,9963,4575,6589,1977
6716,6925,585.3669454696542,9829,3714,8222,6019,8519
2252,4397,1863.1630984250057,6765,7850,4050,4726,3219
9642,131,-2229.022832628332,3973,1163,2322,5752,5727
2314,6101,195.57154814475265,3362,3763,9699,7899,8522
9113,1892,965.7793069704569,8205,9956,2824,8227,5168
1914,5069,-161.0427014966598,6495,217,5331,4884,2699
7515,8552,-622.0324541029012,3168,9132,8603,8344,5340
8704,1489,-1160.1004395317514,9971,3562,3454,9018,3231
3761,6175,201.94409734523535,449,8235,6790,4874,8278
67,6860,-60.662378674523005,2125,6074,8612,4632,3807
3772,4746,-1188.1911866498435,547,6654,7109,8970,9821
8209,140,-8.893029242106666,3739,8266,7497,4390,5742
1895,3874,235.45218256618074,541,6271,7375,507,8687
2419,1858,-100.09685334077957,8210,1977,4311,5024,2346
4848,799,-230.5450384327487,6528,1123,7434,1169,9915
8607,3045,591.0099349704376,1611,4309,5067,2646,7993
4156,8962,-1611.6521980447208,2785,5883,2122,8353,6963
378,6546,-398.3378203948331,2117,5938,4934,7806,1298
6190,7980,259.18217916769515,5588,5630,8239,1061,4890
5980,8547,215.96256583354761,9053,7491,6725,192,4242
3004,4283,-394.2282543492442,9790,7882,7677,4562,5305
2566,9279,434.48791188621686,5982,8391,4641,1148,5206
6733,2972,371.1276764818028,9099,3506,2989,9827,2043
8190,8261,700.557184479877,3979,2251,7052,2288,6439
131,8890,576.6056356623574,7311,9563,538,7542,3009
6207,7095,-1063.226781790054,4924,2278,9242,6737,5730
6322,4771,-14.329028591917961,5101,8357,6650,6070,6183
279,1039,467.4458040669732,5459,3214,2319,905,4258
2510,3500,385.03960782951765,7039,6355,7645,5459,8662
4130,8603,139.35178667392202,5256,1019,753,811,5625
576,2841,1057.466611176252,3280,9552,506,8850,6414
7536,629,2805.1025551494295,8677,2141,9881,6627,2007
6841,2944,-911.4949872888535,8112,3693,1638,7745,8333
4263,1507,484.09823866919874,8401,2920,3970,2290,9052
896,2641,-1543.3396897295931,4124,1532,6093,299,8986
7180,1521,-239.40817614521347,2336,2209,1858,2633,1577
4392,9067,-1131.5241951810526,6302,2914,9371,4578,385
6335,5652,-1223.285042107751,3255,1983,7160,3479,3596
7258,6852,-796.9802504619801,2183,3,9553,2061,7639
689,7572,1849.4392081599847,4826,5276,8463,9929,549
5006,6571,108.98237513186166,5060,5863,2683,784,8860
6792,5589,-245.56044134493706,7821,9589,1486,778,23
4451,1978,370.4356340235627,5894,1445,8340,8636,1257
1018,4876,-1140.4034181346615,4677,8818,1892,8869,7660
33,123,1471.7156206318482,8709,5450,851,3108,9891
523,592,-285.02895486813327,2752,1717,5460,4423,9229
9256,7022,638.9427038331179,8423,1724,3164,3624,2444
3039,1420,598.0101737508212,6095,5208,3605,3335,5807
6264,8459,1502.8174780492257,7098,2352,8115,6842,8319
2584,7506,272.2319294857875,999,8988,8992,8782,4063
2265,656,1018.8278484272165,3146,7908,5957,249,970
2837,8678,-386.3116892500629,8121,4989,7054,2381,5733
421,9448,1048.8256114222488,192,4007,2038,8898,929
3600,3704,-1415.252292709817,4164,8231,7258,8743,5078
1766,7137,-864.702952681652,854,7760,140,2437,5278
8813,646,845.7996176400256,6571,469,6799,6461,2189
5803,8532,-718.4160941917931,2065,4148,9427,8425,1589
7192,9251,57.49320996901468,4827,4483,695,6245,1774
693,7403,-287.03045111869113,2665,2364,4605,1022,718
6887,563,-556.9066148167752,2702,8628,3327,4780,5440
9417,3501,441.72011393512906,6739,3896,4510,4107,9302
4797,950,-507.3872014086556,8751,2069,2206,5830,5435
914,5106,-487.92155513094735,1280,8223,9741,8828,1614
8085,7796,309.9610525563741,2533,5311,280,1431,6318
6269,8747,327.45498762280715,9777,2436,5560,887,5797
7700,5486,-423.08107067248466,6644,2887,3770,5364,8470
2015,8400,-1145.7146535782317,9521,1034,6278,1203,5816
2922,9830,471.7561984556118,3946,430,2861,8376,3672
5746,9942,449.1828425606004,8582,1648,6439,4563,5698
3927,6713,7.785936041888496,8039,1394,926,378,1618
7833,347,-127.15824384493777,8710,7797,3775,2842,1673
3932,8112,1055.1615600107207,2358,8520,955,8830,2718
7301,3402,-543.2143803804354,6037,2933,6364,3307,5953
4888,3095,649.6830508963155,3769,7941,8229,1423,5733
842,5946,-1546.290299426376,9092,8226,7927,2101,5326
3953,5386,-670.9109584838025,3660,8091,7994,6571,89
906,4069,366.761084079189,73,7280,1132,9072,3978
4600,1647,-301.6034990247062,7736,6118,5823,2844,8429
9658,3976,643.5600487719311,2380,2316,9876,9653,1751
8319,8329,-1230.5302915508394,9681,3724,9889,3727,4259
9744,7582,98.14280533430413,6018,8454,6804,7077,780
5746,745,-319.89656185289476,3676,1978,9197,7494,8060
1633,8702,-456.1014711858296,2305,3438,9812,8335,2117
9728,6981,618.4609368444862,4271,2606,4658,8140,6100
9514,4022,-288.19889454241616,4183,7132,8381,6187,5659
2896,7488,2648.173714786192,5717,9979,9028,5146,8042
595,2057,1036.251177106287,7120,9925,8998,4538,4450
9089,5280,-1603.782338331875,4005,7685,711,6036,7635
3234,3486,2596.740978558337,7673,1977,686,7711,6614
8469,6354,1067.5070551199167,3830,4769,1199,473,8989
7795,1275,-964.5440975216541,6149,4074,9576,3010,326
8043,8230,-1210.2057687817978,9339,1523,6632,9941,1567
4734,2928,-2250.362304878242,7886,75,1246,9656,6749
5558,9715,-494.6948676517729,3907,1932,6284,5414,590
720,3620,-430.49751013236994,8138,9264,1223,4332,70
6802,3621,577.4067758312397,7383,3513,6269,8771,3229
5285,7925,-574.2820172810498,8193,4658,5752,1245,5577
4357,1825,1208.8764570698181,314,6416,7174,1783,1530
4968,6568,1470.5202164267012,855,4023,1345,8945,7032
4898,3439,130.81525507606258,1382,6123,9232,1231,6289
7882,6193,-173.5017447838388,3120,5465,9942,5576,5444
12,429,-980.7181416237679,4358,2884,6481,5258,4731
2925,4075,289.8032885200909,342,6067,9047,8558,4746
2512,1300,-1018.3314191573787,6525,9415,8097,8813,2034
580,7825,-859.8128329688068,465,3717,1197,3706,722
3646,9555,292.8996720431229,1719,8583,2348,9622,1345
5942,7033,-53.42890050002844,6969,8357,8604,5285,919
326,6290,96.83415103396952,8123,5334,6938,964,2066
3321,7917,818.5301792488724,7326,9627,129,8278,1805
7046,106,-658.1319020566764,2582,2460,9413,9641,1193
184,6363,-1719.7928408552757,5498,5077,7453,9168,4408
1163,57,135.9435293197212,8254,2361,6669,7418,7784
9355,335,-1209.1746893899747,1022,4716,3998,7855,6496
5213,8806,-285.4122166941835,4201,3469,5421,9034,5239
4674,1001,1249.6814752144678,3396,5591,4158,1745,8824
348,6440,72.64254304267533,83,6772,3939,4521,3667
4124,1622,-588.6055665182816,8824,1201,8247,4740,2812
5543,8120,-1168.4431512643391,1587,5454,3348,9126,442
8809,2850,594.7296537241318,8462,7575,3202,1772,9211
1567,7140,-766.1272276445862,3894,9367,6932,3705,2694
7068,2755,708.9123656543026,4387,5172,7816,1834,7504
4222,2947,32.53576868411091,2653,4465,5343,4306,4584
5596,5745,-657.2088836018464,4984,3828,3518,2864,8667
995,7918,-670.299571036084,9657,3196,1010,5648,1028
1475,2681,932.3032074158677,7553,9469,9033,7040,5926
9947,8332,341.6804648736995,6035,2152,4768,3085,2215
5328,1507,-1125.3084859624903,9087,9583,7920,909,2656
6766,5109,-413.52056360438405,7491,5429,9968,2455,2745
9133,2207,-377.33862712642764,7824,8653,3380,2831,7166
1012,6446,-884.2859828826993,3070,7257,4182,6924,2246
7729,6802,-629.297468967181,7673,4774,3860,4171,2394
3992,7683,-2383.3536366375924,9571,2263,5472,9625,3143
9471,3183,-371.77045255630793,460,6609,4490,2214,8657
9444,30,115.59926838476328,9776,943,2547,1689,6992
8109,4661,-1050.3175468102438,7477,147,5548,342,8213
2330,2891,1322.9743851796402,5108,2996,7117,345,789
5243,5058,1064.6227745008696,7061,8078,4065,5624,893
2588,8672,979.5152710326226,648,3453,6629,2421,3454
7271,5198,167.8901271162111,3274,4759,5172,8371,2788
8912,5129,1310.4569976303421,4854,1461,3476,6891,1603
8529,712,1019.5242302620638,1745,6131,9511,3290,9747
3891,3066,-1552.8178389943275,9257,2049,9958,250,167
3182,7058,-941.3506702787382,7122,9469,3205,2483,3784
1490,9602,-1063.4065045323837,5646,3836,9956,534,6059
8629,9306,-70.26591586715813,9115,7481,7372,1185,1655
3045,3554,-1449.7527484028813,4614,8131,6432,6457,1210
1569,4436,-246.03435274866976,3283,4389,3604,5508,7881
567,5699,-42.55215078924543,8908,349,7910,4195,6717
6220,7827,636.0781085425075,9588,3959,2821,3739,7472
4811,5088,947.21730830448,1705,412,5295,9389,1646
126,6645,86.7021330890704,1764,9075,6193,5847,9092
3674,699,-322.06690822284753,5758,9301,3532,9487,9332
5974,2269,-743.723818163993,5046,1576,826,2891,5880
7577,6705,280.5028543356483,5625,940,5374,4281,7846
7201,4242,-286.7006326495691,894,4206,3436,534,5033
7966,3616,-1197.2793574753034,1787,892,936,3554,1816
8877,356,1788.2975626296277,8954,9041,1083,6909,7617
4704,2367,-500.0802893411611,5611,5079,6258,3512,3141
964,367,1660.5342544903401,5836,946,3604,2252,2689
8004,5812,-585.0580354147562,7574,3642,5805,1021,7612
2888,2977,100.94295842617973,8143,1537,3213,3317,8009
1030,7788,-1754.6188211894564,6178,7748,7617,4726,5639
2754,8191,2097.7370253164654,9094,8623,2680,3398,1708
2302,6467,533.9155937121993,74,5942,1913,1187,872
3502,1593,829.987929855493,5284,8254,101,7094,9728
263,390,253.63842159241088,4815,6522,6784,5876,8869
8728,4532,7.461693587624108,9642,6406,2188,240,2711
4646,2614,1576.9741811103254,7214,3075,6358,7795,1016
9591,2432,-837.73512524395,4783,1366,3398,1271,1456
2960,2790,319.66890016871855,1881,8267,825,5774,7306
3498,4105,-1104.204732016853,6189,8091,6014,5176,6119
5036,6505,995.7186191051468,3594,9195,8263,5277,969
8371,7868,-165.58578428860486,1425,3844,3043,340,2572
9862,8572,-973.9404143119168,2871,1428,2170,2319,1233
1647,8752,809.3866053767184,1280,3642,8754,9919,4535
8304,4638,854.0721522579205,2932,5248,8503,8080,9504
5744,7512,-1497.1210040017063,6208,8835,2672,7927,8080
7615,854,831.528940023624,6696,7203,8989,1249,1241
9409,1823,-44.39599337832689,2751,9693,7220,2925,8291
2055,9523,-514.3760844140859,2293,403,5514,2162,9749
370,369,-63.845238775483814,1120,3662,8300,5617,418
1654,1254,249.4616650048566,9072,5816,6362,6154,9431
584,2210,56.530975974331476,8329,7696,3130,9148,572
7123,8551,-780.6751368225147,6564,3233,9869,3204,2922
5727,8390,-3377.896850426313,8110,7171,3399,549,6487
5042,8849,2002.8017755590076,3314,5067,7440,2975,1472
4404,4786,146.228903941662,7985,6451,9551,1497,6253
4430,5624,924.3982874034799,9383,9577,6935,4836,8764
9089,1155,719.7551293529896,3820,481,9840,7742,8812
312,6466,-188.520647823497,2886,9452,6868,3420,8120
9322,1403,1027.974263417747,6135,5562,6966,395,5376
1059,9165,-1220.720772859479,8719,8849,217,1644,2047
5165,9111,-880.301565127115,8407,7051,7989,6640,4554
7273,7676,1470.999885127506,3998,3698,6699,9376,9099
816,1438,979.446302072189,8827,1877,1851,4378,5061
4053,1566,-831.4659523905765,9823,9660,1743,8217,3082
4215,1488,-1179.969948121368,9909,2211,231,7243,4311
8945,7190,2182.9960457156735,2308,9856,8315,4024,4411
9372,9482,510.31864959513035,8779,4470,6808,1351,2170
4045,1638,528.782176472461,448,373,2082,9902,8606
1923,1290,1264.1347967677086,2820,9846,5234,3793,2423
6694,8329,291.0966709927072,2608,8149,1643,9765,4382
3171,8830,631.8698556972286,7481,6966,4468,1062,738
216,7972,-664.7870674834983,7997,545,3533,6206,4306
4148,5881,372.61954563283314,7529,6673,3400,180,9133
3607,6104,1418.8035833120427,2140,1659,3626,4779,9371
5507,1368,-665.3458074685102,5134,5378,8980,5261,6011
2572,1883,-1060.4419296987585,3987,8650,6827,5485,3282
3341,9897,-87.48187351478023,4323,2023,1901,7514,7243
5264,9918,-974.1996289687986,4530,6233,692,8166,4454
1796,5251,1106.2063191165316,2352,849,5664,4165,8079
1385,1148,1998.7991911499828,9528,3023,8607,1170,788
9743,5350,8.296258288505925,4492,1136,2859,4492,8793
4162,6565,-110.57316791806483,1808,86,4267,7325,7596
4840,1591,294.32718722354053,8916,1921,2405,9760,6917
6953,1551,-397.6561200644095,3559,7052,9135,6789,3435
3899,4244,-491.3459613208088,4232,2308,5028,9579,4872
9304,8234,307.9968613546118,1001,1943,3732,6623,9177
9091,4332,11.688666754948464,3916,6059,1072,3644,5508
7311,5541,334.89375736176254,1274,3436,6964,3691,9979
9671,9514,1595.888784579486,8951,9210,7385,7261,7244
4897,1386,1037.4108998689878,7975,241,1722,1780,6692
7228,3233,-1262.787711272168,1057,546,3289,136,6285
8304,2968,-35.59373060510005,5901,568,1237,2443,9358
6319,4417,1753.7767995199915,8910,3468,2543,3287,5215
8125,8214,-105.36490567609364,3308,9618,235,7745,147
9458,970,1639.7444042279865,3739,4139,7261,5140,955
2289,9090,-1246.7089341362953,3166,3986,3362,9002,693
9988,3010,1669.0818233523441,755,5328,6993,9178,2275
7683,4456,1224.5022200646742,1410,8725,6226,1322,1378
1733,7757,-387.4947924723037,7267,542,6703,6011,1168
7596,8116,353.44097708995446,9774,7886,3192,9486,2279
7092,7532,368.70900064643837,3,5829,860,6627,5928
520,4652,-83.76249894135914,6364,9413,3841,4650,6539
1774,9922,700.1522430947301,6592,1662,8532,669,4009
4566,9392,1015.7637356956634,927,3755,9303,4384,1768
2598,5689,-753.9651282188393,8536,6292,945,9845,4637
8488,9,1349.4344283233888,9422,7745,6242,7678,5203
2609,6809,597.0550411880673,7508,9473,2396,5412,3356
7879,3216,447.60866490839754,8102,9929,5981,3067,1980
7437,3917,-537.2200718343954,2317,7771,1276,7519,9249
9860,1172,148.84835769684267,4544,7794,1588,6246,6207
9460,5615,-574.4125664134694,8980,8697,2506,3605,696
3763,8348,-1061.8572804817506,1861,8506,1907,626,672
4420,206,491.1592546776812,2699,4020,1726,2134,3335
398,6022,1827.043796965517,8893,8787,6150,2303,3425
5833,3624,-1988.2145049430467,3883,2065,9746,1798,3739
8433,6863,-638.2649657141143,224,2092,6315,6446,2139
797,483,502.4329010725742,6459,7805,2760,1451,9816
5777,7278,-479.4211770794932,7890,6429,2683,4122,695
7200,8108,166.43907818517718,2430,714,5983,3628,5985
3843,9080,321.9736942642645,6209,1426,470,7076,4535
1190,3207,-1176.4539812903422,3803,8009,2972,9399,6106
2388,4003,-1938.9908826960943,212,7211,9302,855,2678
5094,8081,979.9982461908202,5569,4313,801,5551,683
7559,1817,-340.4422397855115,468,6905,2255,9563,4495
2556,212,1146.0015694797526,2207,7631,9235,7950,9565
676,7168,-2216.78797641901,5241,7655,8388,6399,1388
3004,6611,49.03003458180054,7483,7560,6426,6928,639
396,3336,-1106.5961703371845,6906,6568,1145,5907,7680
9053,4673,2369.6756227874025,8928,3219,7295,647,2280
9378,5947,-1445.5902508706479,6171,4447,709,948,3125
7729,8900,939.5378857412207,8217,9259,6190,5737,9291
2548,8095,1078.0311045611793,1969,5588,543,3358,5265
735,2226,638.8301470466392,9097,8322,2760,6768,8551
7647,2354,-9.087271054092048,7185,6429,7821,6805,2484
2472,9070,-1466.5620230334564,4340,2480,1288,2994,7536
1580,8223,1106.7263931415234,6366,2786,5020,6866,3734
7201,5719,-751.4053111779609,6840,8428,7361,8857,7292
1196,8994,-963.7854732596084,4939,567,8245,1059,4557
2519,8430,-312.5696430975931,7356,4339,8605,2654,1896
8003,3050,-419.77328876105884,2960,5208,7469,1726,2720
787,3757,1351.1087430056612,3222,6212,317,1660,682
6624,2620,-539.3853921378668,5030,2064,2643,608,195
1290,327,-699.1101353110979,3958,5248,633,8614,7143
5486,4067,259.3740367346674,7314,7440,1203,1091,6581
3963,9885,360.9301835686577,3613,2620,6680,793,4035
1886,6312,739.5564766348647,6459,4580,2386,3295,2947
1276,8518,2305.5391017754155,4722,6676,2260,3750,1159
6451,1800,-1759.7799475889287,4865,9633,1500,71,3622
9747,4334,1206.7778982891664,3257,2402,5344,8781,8360
5304,4145,-1352.069807841465,5251,8134,8780,1754,7780
4868,8588,2142.8999749733957,1734,408,7175,3739,9884
398,5237,-914.6499809221376,1751,8263,1266,1640,6104
9370,3024,1337.7475114248257,80,4654,66,7094,3006
6159,1351,1321.806241605673,5787,6540,967,7142,3106
4282,3920,-1203.9150717795924,2372,4996,4516,8855,673
2322,4631,395.6502108139796,74,2223,9133,4770,3114
3450,8760,-1594.8507420898666,3825,5722,9970,2409,1561
8480,3363,554.7475501789513,8742,8288,4602,8329,4865
9244,1804,936.5311005103315,569,1943,6990,8868,9529
6815,4342,-159.1594529960398,1299,5835,185,4403,3902
9852,7248,-1307.0013717300671,79,6492,4912,7203,6711
9405,3016,-47.95984497870781,2644,2207,2107,7094,8002
7685,8541,907.7219656438366,506,1126,179,4020,1957
8882,8338,-309.88164354559865,3775,4379,7876,5992,9838
6879,3273,1668.9628125444763,1791,9686,9578,7023,2562
334,7337,6.793408295159911,7870,8769,4994,8771,1491
1934,9348,1144.558309949202,9516,6945,2531,1529,9113
4020,3672,-31.81445305494322,3687,4299,8616,7142,1655
4246,6129,-331.7984124799279,3995,7808,3147,2150,1407
5658,3517,-268.7084014249114,2430,6682,4168,4779,6866
6917,9889,-1060.7596778428326,81,414,7208,8525,6772
7472,6338,-185.31315393241414,1141,5311,2205,2955,4815
9515,6513,1937.3130489884009,3388,6364,3743,8287,4695
4343,4685,146.6679884711769,8083,7921,9587,1496,1082
2034,5590,-1394.6430872219196,8116,5617,2312,839,6114
5540,6796,640.2766861617345,7448,3857,701,3250,4541
481,6303,-1060.098246490203,815,6171,6781,2845,3526
7431,3786,154.09803833882057,1884,7110,1793,1086,4877
4706,6446,-1188.8565193817815,9548,7582,3846,4063,5677
4263,4214,-1438.099665631692,35,8634,1673,8393,4560
4179,4166,818.7552008698418,6165,3233,7399,8897,1100
4287,993,243.57498935679877,9410,9006,415,7609,7626
1954,3284,671.3454483117183,3998,3580,4302,5573,9868
6592,723,-879.854986024871,6230,9308,8320,1892,6664
8446,1403,-1557.0889866152577,4853,9029,6372,5567,4026
5841,277,988.6656152453617,673,1894,1498,3072,7143
4322,3426,632.3815484337074,9155,2848,7564,2656,5220
8766,9981,-95.67540723020497,8200,5883,2212,8123,4285
6471,5621,47.09013052919002,3044,9844,9639,2389,9852
2853,5140,-336.67334793266355,2754,8865,7929,9187,8726
3724,7766,-152.60454473266986,458,4532,514,101,3344
2405,1465,-500.5050872783984,3834,5881,8764,5866,1571
6027,414,190.62893833293418,666,7078,6212,8559,714
8158,6692,-207.46862912877688,1674,7769,5045,7909,6514
1908,6305,314.7800750118227,6591,6694,4886,6380,3562
8803,28,-1848.5474802835663,8466,8096,9669,7835,227
1018,7017,480.14028012017434,4859,6990,5568,968,3639
575,8379,2013.7350257055741,469,989,9476,7382,5498
4988,2102,374.39281691180514,4827,6709,3196,6398,685
4123,242,3.557471764430698,5097,7232,6056,6493,6471
4217,4209,557.9359213404358,7636,7793,8278,9493,4860
1641,7900,-940.3900632601028,8278,4978,1278,4490,9942
231,649,-2229.8712076419793,8923,3743,5500,1411,4089
5352,5361,-2066.0896682292528,5322,6667,5516,9339,5934
7178,4810,-508.60514515133394,5081,6641,5023,6551,4917
2113,9894,-1818.5018215520781,6521,8914,4569,6107,514
9501,4015,-590.4007800047408,4603,9388,7055,8625,625
9269,5978,-712.8957199644124,3607,1409,1306,2162,7642
670,5989,481.8062673074794,8545,138,3525,4224,3794
1299,7516,-809.4738183381543,5703,7984,2715,3040,6131
6378,8220,-1158.0239077782178,9468,8599,2691,1673,1753
1028,3779,222.6395156549514,28,4397,4510,3632,512
163,435,470.7110962484684,5899,6464,4517,5683,2484
6485,2618,-193.18735357043505,3529,8956,4295,2314,6876
5378,8530,630.5490069624582,6552,8918,7364,1906,4036
4005,9976,400.7502608909919,7389,5421,3699,8072,2861
7397,3399,-579.052219435277,9525,597,8399,8807,4946
2331,6356,-1740.5761353227308,3909,7240,8008,1637,4032
9367,9642,1050.4155973339923,2454,3470,6295,4038,9823
6703,896,-860.400478793333,4870,1227,2248,2229,4691
7887,5915,-1248.5235164754408,9342,7260,8184,1767,3743
2794,1765,-277.7048667983239,8083,4643,4091,1992,1457
8309,4772,-134.82316573743486,5265,1599,3917,6682,5219
3605,3185,751.0339704310173,6958,7933,6906,2626,3705
3269,2054,361.2149523151366,8697,6692,5982,516,5939
3617,6810,-1335.2207459826625,1113,3653,9627,3266,7192
1298,3990,1028.9834232877165,6420,5278,7044,6382,7740
562,1511,-425.56075194851746,7918,5515,8111,7353,416
8498,2005,-2107.2553661905526,7773,6018,5088,7732,247
2674,2829,507.7196756406901,8530,6654,8328,9764,6379
1348,8816,-268.94600745573234,8406,7209,4219,1014,9882
240,2994,-552.6290061660943,690,6854,4969,4458,3615
2673,9559,2095.2783017340807,1049,2243,8801,2171,4979
2829,8414,-1159.5223785884587,4550,1590,7226,5455,6235
1937,3663,-1060.1792845745485,9953,9898,6120,2213,6358
6072,3093,-626.9672263415629,8305,6751,6590,5153,850
9715,5767,868.7900058093321,7974,8100,3503,9606,9293
1452,9119,-351.7980256025951,2006,6929,5528,3923,1178
6757,9596,2078.5233095350304,8685,1436,9445,3566,8906
1586,8842,937.4890317232823,9868,7062,1626,546,4618
6701,8409,-1664.1483146734968,6502,4809,6800,6096,366
8910,2326,-824.3945454677859,6453,5558,7473,418,1649
260,3522,1047.9027513109365,3099,3339,9733,6580,7562
887,9750,513.795686863398,8915,5245,4531,7736,5155
9323,7224,855.8642694821248,4264,3217,1985,6754,7942
7629,37,1078.6183651784847,551,2657,3519,134,9905
1407,4535,1951.3363522659351,5881,1594,8582,8981,7780
2101,1184,778.2562429740608,8822,3132,3538,4678,7172
719,5849,-352.2333446263903,5875,1504,3788,1504,8933
2586,348,-1609.962502409242,7935,3481,1454,3525,722
2386,6110,-895.7570777597545,8606,2587,1813,8292,7956
3431,2990,391.49879274030917,2991,950,3019,6351,1591
8361,4523,818.8991050367208,7758,5041,5770,4660,1239
4122,6558,-152.97125358640292,18,6104,5990,7878,2273
3203,5126,689.7428847583503,2191,863,1990,3866,5548
9996,442,491.09699527866417,2627,6253,5748,1812,5498
8595,287,-70.44783123933672,3466,9614,8319,7988,7432
813,6030,956.1914096130592,752,1760,2672,4857,3939
1400,2331,-554.2695489384389,6546,4634,9006,9875,7510
3153,4161,4.543251006982004,4323,1353,87,7380,3689
9629,1358,1929.0853939567558,6820,688,6999,6487,9295
8998,8317,752.0650651053757,8994,1464,3338,5716,6678
4296,9030,-531.3517947981084,4895,8217,1218,6897,9107
9408,5226,200.01492705012043,7297,8809,9915,2078,3538
7203,4297,-1442.5783531372801,7822,6801,5101,4632,5959
1403,9383,210.65984631444007,3187,4103,8868,2328,3196
3990,5235,-421.05863523856374,9168,6161,4282,9226,8911
2032,8351,-1062.0550481080475,3479,622,8138,7738,3509
3111,5835,301.98040394766457,2590,8186,3295,3216,6214
6129,2944,50.439119859999046,2073,4625,7501,8729,4782
7331,5676,527.1628027319524,3111,2008,9652,4862,4346
9671,224,-786.2537197061972,2086,7075,4482,1251,6469
2935,4007,496.18349654007187,2748,9918,8989,2634,4850
2469,860,827.312876018878,7188,9166,4751,3996,2784
1436,8917,418.5744054957671,7627,7391,269,8713,311
6834,8029,-747.3999165578172,1608,8630,4845,2710,9491
9619,8623,1176.7668958218835,5771,1599,5301,668,9038
7183,1400,452.1391062028901,9028,5234,1701,2010,5145
2777,7069,-84.1388459344332,1594,3691,3351,1155,1752
4431,3071,-55.49630909405187,1547,3792,2548,4241,2611
703,2803,-46.590632265013845,3354,3898,8885,2327,8663
5794,6039,88.93732743003908,1290,9893,883,1713,9669
5044,1122,-2724.6495377705833,1667,884,6599,1960,273
5336,7193,874.3788073080672,6530,3101,1962,7864,4112
2986,9136,-212.48241264311324,6163,9847,5677,24,7135
5263,4931,-150.45794718225113,4201,2886,6533,508,6627
3656,9212,1066.8069637844117,7218,1476,3469,756,4608
6179,7243,145.99771957859235,8928,2502,8039,1000,6465
4795,5492,-1520.593658871423,6455,9373,5174,7840,9342
7050,7144,-515.7737950035493,1459,8453,8851,9151,3585
9719,711,-651.2124888985006,9258,6743,4854,1073,2230
5238,9822,-28.960939426069167,3195,6601,7595,9821,7928
3152,986,-1982.2175740751284,4403,8309,8644,8880,5954
545,8654,-97.93054826638667,1908,663,5331,5985,4960
9351,9423,-403.5979017769422,6532,6188,1034,5379,2971
5198,8492,1200.176456373677,2092,3066,2348,6783,2718
8782,4084,-109.13396327061584,9732,5067,8312,5454,8910
4083,6506,1476.4813537506914,3925,5799,1239,1588,5768
752,6673,-204.51217997749393,7902,7512,4029,5302,5751
794,3107,-1362.6104990785736,3077,9176,1486,8721,1001
1346,4777,787.1310223948485,4985,7950,489,6300,980
3063,5469,773.8338652904614,6605,7524,3403,6043,6443
5121,3326,-516.2432898267248,8244,5461,2713,826,862
2215,7166,-740.8863579414425,941,7670,3301,7900,8264
3637,274,592.59012019942,7565,8679,3147,293,2619
5650,4832,-2089.1075837883745,2246,4752,9662,3710,4177
7531,2297,588.3862999165962,8625,4314,6253,2152,8098
9805,9158,319.9104808831153,8336,5526,2172,7064,8140
871,8102,662.7083950673456,5737,5977,1070,9616,9506
7729,4956,1132.7284350995399,6959,5020,1940,9568,8406
9996,3325,574.6639657624834,7847,4448,8153,9950,7788
6015,4970,-687.7711692724135,4808,6609,9920,8385,3900
508,9389,6.785469539209027,3120,974,9920,444,4202
6018,333,1252.5947953341233,2414,5045,9944,3478,2781
5342,1064,-1265.6295836220222,2215,5383,9244,9832,1536
7246,6504,1207.5274673816111,1255,4141,2709,4092,9587
4552,1548,-1450.0283041268167,712,1408,8594,2325,9722
1451,199,324.602985125021,3091,6960,3234,5314,7289
5044,1594,669.8165179412914,5212,7822,406,1418,3606
2346,8896,26.06068030715797,5984,6375,6244,6942,9788
3925,3495,-581.8196193719417,101,4099,1222,6790,926
6250,8472,705.4949286588596,6943,5615,1420,1216,7948
4854,4207,905.4649450070218,1430,2923,2110,5557,9521
184,7731,-1032.167967460334,9945,4115,101,6976,4444
5007,472,-348.8805729661404,2322,4494,6314,5899,1092
1268,3853,1037.944442939078,2763,540,8759,6592,2337
8756,1834,89.5385813796541,5321,3741,4098,9243,4794
6541,4530,-175.66080595516019,1607,5901,8626,4131,9058
5635,1374,-931.8846411119744,1281,4789,4397,1622,8820
5362,9310,-667.0681917681628,4318,321,5798,7468,2952
8850,2355,-1140.5768476529015,1150,6258,946,3213,3566
7210,3396,926.7557774059181,1849,4483,3266,3379,1519
4010,7485,-446.36864290635236,8568,5324,9399,1233,4607
8953,5261,119.88952619471632,8575,9560,2073,2172,9895
3784,3658,-1303.5822240277848,6752,6520,3016,5918,8380
4461,9038,121.5186501970198,2637,2869,6064,775,9437
6420,1653,-650.7312927154446,2896,6595,6523,5562,2576
7418,4426,-196.8678524209899,9870,9111,3555,5897,2995
8690,7138,-136.8835590520446,8689,8474,2981,7767,8269
6552,1377,60.02873296071364,1000,1889,748,9963,1259
2384,3433,174.18597849668103,7740,8102,1388,8893,8521
1292,9172,-1257.223362572599,2730,3237,8261,2589,1187
172,1091,525.6768042062511,2688,2227,3705,8806,7400
4798,1241,1209.0672662762072,7202,4778,406,9903,9891
7461,7514,-551.784662035757,8723,7385,9936,5565,9520
7423,5883,381.99406484881877,6099,7143,4956,5457,7130
8572,6164,-1037.5866631225406,6484,7540,6944,7237,8499
6792,4606,352.300551204587,6319,17,4771,8491,7029
3131,5462,1303.0242269481496,5889,8433,4952,6054,215
3900,5654,-402.9058690284515,3613,8217,4118,9024,3731
4329,3485,1588.5837153571529,7549,2505,6254,1835,7310
6714,687,150.78211300502338,5416,2451,3437,5036,4714
262,2849,-281.5115588034353,2474,7071,4675,6362,3807
5540,4399,-228.02710762797534,9130,1856,554,8797,9010
9991,5317,202.04282818979954,9963,3755,2045,4408,9352
9794,4612,1042.8682184476183,870,2104,7972,1558,3295
6174,3621,-719.9395003680603,7276,4269,1881,5403,3090
5334,2113,1560.6377507295429,3270,4878,2727,9926,3392
8031,8504,1405.3642076067133,2611,8219,7,3978,4529
6748,4868,-1000.3523006769773,2481,4367,2490,7199,516
9121,7782,-6.42338114050898,2372,1380,3288,926,3796
2015,1458,-1990.2380307786957,1536,7797,9064,506,4495
5484,7273,-1628.968782494634,2344,3545,5284,3669,6353
1204,1685,-1202.9114041856521,2878,4165,8431,8342,1065
6468,1122,-2021.106953032563,2848,24,1135,4749,989
7515,1292,-61.83801945943184,4807,24,7544,8549,2133
9455,6844,-885.1315025170757,3077,93,2897,3557,7543
271,366,510.35123633309655,7177,9432,1433,8002,3468
2025,9278,-597.6094580765306,2616,9463,8756,6491,146
5077,1084,-463.56386205838754,568,9377,1287,269,2552
7077,7221,795.7636700153776,2951,2850,8734,2742,1494
4089,4330,1587.0422244874972,1221,1349,7554,2241,2136
6181,9999,-192.87133409346194,3034,3244,5908,9003,5765
405,4983,437.14945903307324,7060,7966,1996,4583,5478
4272,8330,277.7593223418002,4639,7893,7427,5001,1745
1863,9817,574.9966699036931,9500,7646,9849,5086,8003
6391,1727,35.014375603505776,1812,1738,6705,1871,233
4499,119,137.4762431845736,74,3976,2654,7506,1200
9849,5935,387.0094092839912,9821,4133,2488,728,6132
6872,3928,48.19799660236243,2951,3446,6582,8574,3548
3893,8648,-1129.2042825304768,320,6903,170,2545,5765
3063,2945,-1204.2115086490644,365,9782,837,3477,5387
7108,134,620.0164361241947,7749,6323,3937,6091,128
1010,3893,-502.0861254634277,6925,5959,9273,2504,1857
9163,68,48.20712659121971,7378,7587,1274,1852,3641
5645,8235,-1556.3935365633347,5393,6274,4235,4776,6516
5752,6510,-620.7076071000183,3114,2965,9717,7044,8651
6922,2642,874.7921564709472,5101,4354,7860,7036,8614
3039,4821,-165.6530971915834,8058,7401,8324,3073,8251
6829,5070,1511.0177389399973,4961,8604,668,6228,8733
821,2957,199.786361752358,5951,3946,5904,8539,2093
4325,9350,-753.4329938681011,5842,1157,4561,1251,2474
2573,1693,-1098.409137322403,6908,2599,55,7208,8896
5942,4831,-1767.8446753637722,9368,8139,1613,656,1864
7298,3624,-723.3927244498298,8277,7456,678,4226,2163
3166,591,2277.5521882726534,5754,185,3103,4674,2464
9653,3672,1594.2217684890954,9239,8920,7949,5800,6223
1396,3626,-62.44602389635343,3165,1027,1875,5103,9089
317,3860,525.3778112890623,1608,9272,4352,1393,7643
4681,4737,-512.4366613308459,1450,3353,6209,2852,323
9771,3386,-594.6110329185029,9395,5229,5376,5734,23
749,8107,-18.32718391574555,5975,2315,4960,6272,4733
9417,2598,-591.6454629815759,733,571,7330,3648,7576
122,4997,-894.7620186058035,9769,9263,6558,9827,9997
2105,2633,1867.3494885029604,3685,5228,2482,5046,2476
3404,7488,953.1484461680548,8037,7350,2846,6591,5537
7482,6384,-682.7940850362963,8267,3176,7857,6156,5815
7330,5198,732.9552827207197,94,7466,1860,7456,1897
3906,2968,1196.6118933418688,2182,7086,7179,3260,9167
7179,2452,945.3845502686181,1541,9929,2974,9814,7947
1584,876,-72.22193331407287,1564,6817,4698,4621,2788
